"INDICATOR_NAME","TAXA","YEAR","AREA_ID","AREA_NAME","DESCRIPTION","MEAN_REMA_BIOMASS_MT","LCI_REMA_BIOMASS_MT","UCI_REMA_BIOMASS_MT","LOG_MEAN_REMA_BIOMASS_MT","SD_LOG_REMA_BIOMASS_MT","OBS_REMA_BIOMASS_MT","CV_OBS_REMA_BIOMASS_MT","LOG_OBS_REMA_BIOMASS_MT","SD_LOG_OBS_REMA_BIOMASS_MT","LCI_OBS_REMA_BIOMASS_MT","UCI_OBS_REMA_BIOMASS_MT","DBI_BIOMASS_MT","DBI_BIOMASS_VAR","DBI_BIOMASS_PLUS1_SD","DBI_BIOMASS_PLUS2_SD","DBI_BIOMASS_MINUS1_SD","DBI_BIOMASS_MINUS2_SD","DBI_CV"
"misc_species","Eelpouts",2017,"70","Inner Domain","<50 m , N of standard area, N to St.Lawrence Is.",53.9084915106211,27.471071004792,105.788575059333,3.98728800744755,0.343962708119479,78.8162630382393,0.664771642584547,4.36711935930364,0.604959904380242,24.0809178071124,257.963727507021,78.8162630382393,2745.21681098087,131.211079680545,183.605896322851,26.4214463959332,0,0.664771642584547
"misc_species","Eelpouts",2017,"71","Inner Domain","<50 m, Norton Sound and N of St. Lawrence Island to Bering Strait. Omits AA-10",5621.66442002001,2367.66319279513,13347.8067942637,8.63438305918689,0.441193977487439,6997.62724342385,0.456690474087431,8.85332640535059,0.43524095546231,2981.76238200761,16422.0956483255,6997.62724342385,10212816.1660549,10193.3769467102,13389.1266499966,3801.87754013749,606.12783685113,0.456690474087431
"misc_species","Eelpouts",2017,"81","Middle Domain",">50 m, N of standard area, between 50 m and convention line, N to St Lawrence",2561.46631325983,1635.40547820037,4011.91616478189,7.84833515211567,0.228927217117689,2683.58666766195,0.233016711681738,7.89490948759693,0.229943455988377,1709.96570780264,4211.56831975729,2683.58666766195,391025.778760836,3308.90720847349,3934.22774928502,2058.26612685041,1432.94558603887,0.233016711681738
"misc_species","Eelpouts",2017,"99902","All","NBS Region: All Strata",8237.03922479047,4491.52795073978,15105.9541284969,NA,NA,NA,NA,NA,NA,NA,NA,9760.03017412404,10606587.1616267,13016.805751536,16273.5813289479,6503.25459671213,3246.47901930022,0.3336849906516
"misc_species","Eelpouts",2019,"70","Inner Domain","<50 m , N of standard area, N to St.Lawrence Is.",53.9084908850742,27.4710709958268,105.788572638745,3.98728799584368,0.34396270236554,40.0319787937244,0.720175578093142,3.68967860455126,0.646392812249892,11.2770757752189,142.10770221681,40.0319787937244,831.171983082074,68.8620322637074,97.6920857336903,11.2019253237415,0,0.720175578093142
"misc_species","Eelpouts",2019,"71","Inner Domain","<50 m, Norton Sound and N of St. Lawrence Island to Bering Strait. Omits AA-10",998.792750782287,590.016865858829,1690.77702137067,6.90654730045205,0.268574413566579,962.3505614709,0.284959768659982,6.86937879329828,0.279416266045649,556.536621374961,1664.07486514601,962.3505614709,75202.7474152426,1236.58175483745,1510.812948204,688.119368104349,413.888174737798,0.284959768659982
"misc_species","Eelpouts",2019,"81","Middle Domain",">50 m, N of standard area, between 50 m and convention line, N to St Lawrence",690.909895165021,405.090512880521,1178.39462554319,6.53800941753001,0.272402396682171,704.690924039697,0.291941718632321,6.55775930106698,0.28599285962746,402.310265783329,1234.34408877692,704.690924039697,42324.2895559546,910.419603508445,1116.14828297719,498.96224457095,293.233565102203,0.291941718632321
"misc_species","Eelpouts",2019,"99902","All","NBS Region: All Strata",1743.61113683238,1205.65191107885,2521.60658358305,NA,NA,NA,NA,NA,NA,NA,NA,1707.07346430432,118358.208954279,2051.10574324669,2395.13802218906,1363.04118536195,1019.00890641959,0.201533376352125
"misc_species","Eelpouts",2021,"70","Inner Domain","<50 m , N of standard area, N to St.Lawrence Is.",53.9084906888397,27.4710707093042,105.788572971946,3.98728799220354,0.343962705829803,NA,NA,NA,NA,NA,NA,0,0,0,0,0,0,NA
"misc_species","Eelpouts",2021,"71","Inner Domain","<50 m, Norton Sound and N of St. Lawrence Island to Bering Strait. Omits AA-10",361.556706611905,153.547162772283,851.355699029847,5.89041889406005,0.436952480580579,310.443553027022,0.550219758950716,5.73800209105323,0.514267544638,113.301932587152,850.605081620382,310.443553027022,29176.799782213,481.255729941354,652.067906855686,139.63137611269,0,0.550219758950716
"misc_species","Eelpouts",2021,"81","Middle Domain",">50 m, N of standard area, between 50 m and convention line, N to St Lawrence",130.124375554708,67.1751624205118,252.062704478587,4.86849072811253,0.337346584405557,114.837917683847,0.372459072053694,4.74352172276391,0.360430136335678,56.6613112522671,232.746949311634,114.837917683847,1829.48027682973,157.610341940952,200.382766198056,72.0654934267432,29.2930691696388,0.372459072053694
"misc_species","Eelpouts",2021,"99902","All","NBS Region: All Strata",545.589572855452,301.592381305531,986.987737289818,NA,NA,NA,NA,NA,NA,NA,NA,425.28147071087,31006.2800590428,601.367472593594,777.453474476318,249.195468828146,73.1094669454214,0.414045788518347
"misc_species","Eelpouts",2022,"70","Inner Domain","<50 m , N of standard area, N to St.Lawrence Is.",53.9084905907224,27.4710705659692,105.78857313883,3.98728799038347,0.343962707563304,22.5690603722666,0.83685399424285,3.1165799582511,0.728573385822323,5.41191152337945,94.1187755724697,22.5690603722666,356.719083235904,41.4560686911059,60.3430770099451,3.68205205342727,0,0.83685399424285
"misc_species","Eelpouts",2022,"71","Inner Domain","<50 m, Norton Sound and N of St. Lawrence Island to Bering Strait. Omits AA-10",334.66615764182,170.641206882587,656.356334538841,5.81313349059183,0.343664653577318,294.849741466744,0.397496696680035,5.68646587561636,0.383011107630905,139.181369477296,624.626488225405,294.849741466744,13736.2615130321,412.051539716737,529.25333796673,177.647943216751,60.4461449667579,0.397496696680035
"misc_species","Eelpouts",2022,"81","Middle Domain",">50 m, N of standard area, between 50 m and convention line, N to St Lawrence",115.494363376489,53.8515768417998,247.698373084348,4.74922172683584,0.38928778669774,100.025250922804,0.493063472265731,4.60542266334104,0.466494996086259,40.0892922329088,249.569155874416,100.025250922804,2432.34379022421,149.344048457052,198.662845991301,50.706453388555,1.38765585430639,0.493063472265731
"misc_species","Eelpouts",2022,"99902","All","NBS Region: All Strata",504.069011609031,310.185850551794,819.139777048208,NA,NA,NA,NA,NA,NA,NA,NA,417.444052761814,16525.3243864922,545.99491579467,674.545778827527,288.893189728958,160.342326696102,0.307947525380617
"misc_species","Eelpouts",2023,"70","Inner Domain","<50 m , N of standard area, N to St.Lawrence Is.",53.9084909869336,27.4710704802053,105.788575024128,3.98728799773317,0.343962712906092,134.100616926493,1,4.8985903907729,0.832554611157698,26.2276274428153,685.650103093567,134.100616926493,17982.975460066,268.201233852986,402.301850779479,0,0,1
"misc_species","Eelpouts",2023,"71","Inner Domain","<50 m, Norton Sound and N of St. Lawrence Island to Bering Strait. Omits AA-10",590.676388290181,312.681505396504,1115.82741435603,6.38126830109203,0.324538199820592,645.192211175186,0.350944036295217,6.46954827422404,0.340804444652407,330.82311505551,1258.29475153596,645.192211175186,51268.8959485832,871.618569951242,1098.0449287273,418.76585239913,192.339493623075,0.350944036295217
"misc_species","Eelpouts",2023,"81","Middle Domain",">50 m, N of standard area, between 50 m and convention line, N to St Lawrence",167.575265226996,86.6875598261763,323.938862418163,5.12143259497883,0.336293019650849,178.639826020321,0.369173250317451,5.18537163361921,0.357445928003637,88.6583739013801,359.945553209315,178.639826020321,4349.27656385552,244.588871228387,310.537916436453,112.690780812255,46.7417356041892,0.369173250317451
"misc_species","Eelpouts",2023,"99902","All","NBS Region: All Strata",812.16014450411,500.412314009977,1318.1212409329,NA,NA,NA,NA,NA,NA,NA,NA,957.932654122,73601.1479725047,1229.22796918016,1500.52328423831,686.637339063843,415.342024005686,0.283209173307506
"misc_species","Poachers",2017,"70","Inner Domain","<50 m , N of standard area, N to St.Lawrence Is.",1176.87575197205,592.735055184236,2336.68740099955,7.07061853836781,0.349940627394019,1423.6387648776,0.412857263749649,7.26097138344063,0.396723136888227,654.196865213043,3098.06946598894,1423.6387648776,345461.353311246,2011.39836991289,2599.15797494819,835.879159842302,248.119554807007,0.412857263749649
"misc_species","Poachers",2017,"71","Inner Domain","<50 m, Norton Sound and N of St. Lawrence Island to Bering Strait. Omits AA-10",502.087519347578,304.34124947431,828.319780903984,6.21877444582588,0.255425531678157,590.80885485679,0.249415076917506,6.38149253845417,0.245661653708669,365.039126892341,956.212847506993,590.80885485679,21713.9781666496,738.16549083444,885.52212681209,443.452218879141,296.095582901491,0.249415076917506
"misc_species","Poachers",2017,"81","Middle Domain",">50 m, N of standard area, between 50 m and convention line, N to St Lawrence",13.491294575402,7.56810023704311,24.0502931540697,2.60204463117509,0.294955702870462,12.8600878954233,0.301640316496514,2.55412855357797,0.295097749238286,7.21200928769914,22.9314542009935,12.8600878954233,15.0475796003511,16.7392088783718,20.6183298613202,8.98096691247483,5.10184592952636,0.301640316496514
"misc_species","Poachers",2017,"99902","All","NBS Region: All Strata",1692.45456589503,1026.99595262438,2789.10783465042,NA,NA,NA,NA,NA,NA,NA,NA,2027.30770762981,367190.379057496,2633.27006541905,3239.23242320829,1421.34534984057,815.382992051329,0.298900041423751
"misc_species","Poachers",2019,"70","Inner Domain","<50 m , N of standard area, N to St.Lawrence Is.",811.471023209411,586.76477636953,1122.23031788437,6.69884867862692,0.165423785005235,805.844924574944,0.179401188749422,6.69189132272335,0.177982324236475,568.529030707376,1142.22143002129,805.844924574944,20900.3511488015,950.414461991377,1094.98399940781,661.275387158511,516.705849742078,0.179401188749422
"misc_species","Poachers",2019,"71","Inner Domain","<50 m, Norton Sound and N of St. Lawrence Island to Bering Strait. Omits AA-10",207.519994973957,147.053750387971,292.849031054116,5.33522769634857,0.175732579895427,196.684760629015,0.189342787010854,5.281602247198,0.187677949657971,136.150409275179,284.133520197544,196.684760629015,1386.88021902655,233.925601369075,271.166442109136,159.443919888954,122.203079148894,0.189342787010854
"misc_species","Poachers",2019,"81","Middle Domain",">50 m, N of standard area, between 50 m and convention line, N to St Lawrence",294.08756262607,127.05233648724,680.723368672792,5.68387755505698,0.428211161931027,343.391540310383,0.446213632107759,5.83887131307077,0.426118274760971,148.96253649105,791.593327654046,343.391540310383,23478.2029195838,496.617526747357,649.843513184331,190.165553873409,36.939567436435,0.446213632107759
"misc_species","Poachers",2019,"99902","All","NBS Region: All Strata",1313.07858080944,992.326067394038,1737.50888546988,NA,NA,NA,NA,NA,NA,NA,NA,1345.92122551434,45765.4342874118,1559.84979837784,1773.77837124133,1131.99265265085,918.064079787352,0.158945834873614
"misc_species","Poachers",2021,"70","Inner Domain","<50 m , N of standard area, N to St.Lawrence Is.",598.598180767223,411.313421160144,871.159956334899,6.39459055626801,0.191449972270542,595.7351343619,0.230487097458858,6.38979616285494,0.227511036785622,381.412979836269,930.488392045653,595.7351343619,18853.8334236625,733.044396335237,870.353658308574,458.425872388563,321.116610415226,0.230487097458858
"misc_species","Poachers",2021,"71","Inner Domain","<50 m, Norton Sound and N of St. Lawrence Island to Bering Strait. Omits AA-10",141.256801689851,94.2887828564714,211.620973557583,4.95057952242368,0.206237101665693,128.342554530041,0.238977049232729,4.85470289651918,0.235666709627611,80.8669032385777,203.690393023963,128.342554530041,940.705638673626,159.013479502621,189.684404475201,97.6716295574615,67.0007045848816,0.238977049232729
"misc_species","Poachers",2021,"81","Middle Domain",">50 m, N of standard area, between 50 m and convention line, N to St Lawrence",53.7693593111225,23.4549658826338,123.263619959866,3.98470377539115,0.423284072944164,55.3379509290825,0.465599791624299,4.01345894673222,0.442956687709533,23.2261730642323,131.846464958336,55.3379509290825,663.852663974244,81.103289350579,106.868627772075,29.572612507586,3.80727408608946,0.465599791624299
"misc_species","Poachers",2021,"99902","All","NBS Region: All Strata",793.624341768197,589.470228077478,1068.48415042298,NA,NA,NA,NA,NA,NA,NA,NA,779.415639821024,20458.3917263104,922.448474255326,1065.48130868963,636.382805386722,493.34997095242,0.183512912914021
"misc_species","Poachers",2022,"70","Inner Domain","<50 m , N of standard area, N to St.Lawrence Is.",521.493849681809,354.327385787734,767.526999504556,6.25669748085606,0.197185346028083,599.905995187248,0.237054075547579,6.39677296825347,0.233821473554692,379.362154375279,948.66395846537,599.905995187248,20223.7299213859,742.116156291811,884.326317396375,457.695834082685,315.485672978121,0.237054075547579
"misc_species","Poachers",2022,"71","Inner Domain","<50 m, Norton Sound and N of St. Lawrence Island to Bering Strait. Omits AA-10",154.640655412014,110.411615041281,216.587107228857,5.04110407319951,0.171885166687065,154.772756013512,0.204480349486919,5.04195795092198,0.202389993707436,104.092596338502,230.127855838272,154.772756013512,1001.59509638729,186.420743254209,218.068730494905,123.124768772816,91.476781532119,0.204480349486919
"misc_species","Poachers",2022,"81","Middle Domain",">50 m, N of standard area, between 50 m and convention line, N to St Lawrence",15.2517846205174,6.06705584111517,38.3409911170186,2.72469652050284,0.470326533947844,15.5270690122488,0.541311049490865,2.74258488864999,0.506930717062404,5.74895983710577,41.9362595917019,15.5270690122488,70.6435883195296,23.9320430347862,32.3370170573237,7.1220949897113,0,0.541311049490865
"misc_species","Poachers",2022,"99902","All","NBS Region: All Strata",691.38628971434,511.282947293564,934.932416845303,NA,NA,NA,NA,NA,NA,NA,NA,770.205820213009,21295.9686060927,916.137203424752,1062.0685866365,624.274437001266,478.343053789522,0.189470631592195
"misc_species","Poachers",2023,"70","Inner Domain","<50 m , N of standard area, N to St.Lawrence Is.",306.441155857121,202.043531456118,464.781927569127,5.72502574952873,0.212525626170902,263.981345646537,0.209900430738864,5.57587844021997,0.207642062801914,175.722751154486,396.568744750031,263.981345646537,3070.24573193615,319.39114380477,374.800941963004,208.571547488304,153.161749330071,0.209900430738864
"misc_species","Poachers",2023,"71","Inner Domain","<50 m, Norton Sound and N of St. Lawrence Island to Bering Strait. Omits AA-10",168.715373557813,115.588572126515,246.260307148675,5.12821311496605,0.192950494822619,172.845660227765,0.2157380758202,5.15239905889459,0.213289175625787,113.79060445487,262.54911293156,172.845660227765,1390.49861786408,210.135050379175,247.424440530585,135.556270076355,98.2668799249449,0.2157380758202
"misc_species","Poachers",2023,"81","Middle Domain",">50 m, N of standard area, between 50 m and convention line, N to St Lawrence",3.55994703759419,0.851491280398007,14.8835615845084,1.26974566767299,0.729866312938761,2.61977140440329,0.896914114160224,0.963087063738733,0.76828286934716,0.581165510967773,11.8093762995337,2.61977140440329,5.52113684199842,4.96948135288596,7.31919130136863,0.270061455920627,0,0.896914114160224
"misc_species","Poachers",2023,"99902","All","NBS Region: All Strata",478.716476452528,355.25001063732,645.093477734153,NA,NA,NA,NA,NA,NA,NA,NA,439.446777278706,4466.26548664223,506.276901374373,573.107025470039,372.616653183039,305.786529087372,0.152077856867026
"misc_species","Sea stars",2017,"70","Inner Domain","<50 m , N of standard area, N to St.Lawrence Is.",146953.497027795,126718.529200569,170419.672836614,11.897871468963,0.0755870362098946,114861.024477675,0.168015572778389,11.6514781937384,0.166847628627322,82823.1466916631,159291.882415148,114861.024477675,372429817.987674,134159.465295204,153457.906112733,95562.5836601455,76264.1428426164,0.168015572778389
"misc_species","Sea stars",2017,"71","Inner Domain","<50 m, Norton Sound and N of St. Lawrence Island to Bering Strait. Omits AA-10",291082.511736382,225809.595019066,375223.331991746,12.5813620514481,0.129550660223673,308977.113417455,0.133001170634925,12.6410224865266,0.132418565348115,238347.951849826,400535.670119511,308977.113417455,1688742954.12593,350071.431201377,391165.748985298,267882.795633534,226788.477849612,0.133001170634925
"misc_species","Sea stars",2017,"81","Middle Domain",">50 m, N of standard area, between 50 m and convention line, N to St Lawrence",10918.6490929727,9159.95704636658,13015.0062289608,9.29822753221152,0.08960917914869,10574.5892348153,0.176900100761183,9.2662091601166,0.17553911480078,7496.25481818854,14917.0406018953,10574.5892348153,3499316.08747789,12445.2351359622,14315.8810371092,8703.94333366835,6833.29743252139,0.176900100761183
"misc_species","Sea stars",2017,"99902","All","NBS Region: All Strata",448954.657857149,378133.864650787,533039.496469787,NA,NA,NA,NA,NA,NA,NA,NA,434412.727129945,2064672088.20108,479851.390052627,525290.052975308,388974.064207264,343535.401284582,0.104597909050417
"misc_species","Sea stars",2019,"70","Inner Domain","<50 m , N of standard area, N to St.Lawrence Is.",146953.513881157,126718.503381142,170419.74664951,11.897871583648,0.0755871986818466,195809.716421748,0.202248019560972,12.1848986320646,0.200224417850949,132252.199934983,289911.586075805,195809.716421748,1568328491.2075,235411.843778842,275013.971135937,156207.589064654,116605.46170756,0.202248019560972
"misc_species","Sea stars",2019,"71","Inner Domain","<50 m, Norton Sound and N of St. Lawrence Island to Bering Strait. Omits AA-10",270435.471350778,219476.675893659,333226.042662287,12.5077887955785,0.106526217593563,294030.763669027,0.147256681105205,12.5914396791766,0.146467625081512,220657.809916558,391801.631750463,294030.763669027,1874716319.12563,337328.758069756,380626.752470486,250732.769268297,207434.774867567,0.147256681105205
"misc_species","Sea stars",2019,"81","Middle Domain",">50 m, N of standard area, between 50 m and convention line, N to St Lawrence",10918.6490940121,9159.9570516327,13015.0062239562,9.29822753230671,0.0896091789039328,9276.65261137063,0.213765562518636,9.13525605072714,0.211382167100084,6130.02812025449,14038.4810614012,9276.65261137063,3932403.47450375,11259.6814751302,13242.7103388899,7293.62374761101,5310.59488385139,0.213765562518636
"misc_species","Sea stars",2019,"99902","All","NBS Region: All Strata",428307.634325947,371846.590530716,493341.701372236,NA,NA,NA,NA,NA,NA,NA,NA,499117.132702145,3446977213.80764,557828.096020828,616539.05933951,440406.169383463,381695.206064781,0.117629629343376
"misc_species","Sea stars",2021,"70","Inner Domain","<50 m , N of standard area, N to St.Lawrence Is.",146953.517101676,126718.515031277,170419.738451183,11.8978716055632,0.075587162955734,144212.595088337,0.13431805825981,11.879043844598,0.133718088163463,110964.011579139,187423.58253045,144212.595088337,375210681.83792,163582.95083721,182953.306586084,124842.239339463,105471.88359059,0.13431805825981
"misc_species","Sea stars",2021,"71","Inner Domain","<50 m, Norton Sound and N of St. Lawrence Island to Bering Strait. Omits AA-10",230936.442532037,182106.464482878,292859.677666011,12.3498978110919,0.121201740566989,193536.211510152,0.132641985347395,12.1732199135309,0.13206405805581,149399.486723503,250712.140899273,193536.211510152,659001644.245371,219207.238841471,244878.266172791,167865.184178832,142194.156847512,0.132641985347395
"misc_species","Sea stars",2021,"81","Middle Domain",">50 m, N of standard area, between 50 m and convention line, N to St Lawrence",10918.6490986999,9159.95705666123,13015.006227987,9.29822753273605,0.0896091788428942,12214.7501339114,0.202374155798973,9.41039952780611,0.200346819807235,8248.00784277944,18089.2312032053,12214.7501339114,6110535.54994177,14686.6998805571,17158.6496272028,9742.80038726567,7270.85064061997,0.202374155798973
"misc_species","Sea stars",2021,"99902","All","NBS Region: All Strata",388808.608732412,334022.034141704,452581.323303664,NA,NA,NA,NA,NA,NA,NA,NA,349963.5567324,1040322861.63323,382217.593094276,414471.629456152,317709.520370524,285455.484008647,0.0921639860533802
"misc_species","Sea stars",2022,"70","Inner Domain","<50 m , N of standard area, N to St.Lawrence Is.",146953.51971444,126718.518609949,170419.739698304,11.8978716233427,0.07558715761809,154982.659276934,0.184760747726153,11.9510685140102,0.183212477086514,108226.188868116,221939.115917872,154982.659276934,819946732.044194,183617.371289528,212252.083302122,126347.94726434,97713.2352517461,0.184760747726153
"misc_species","Sea stars",2022,"71","Inner Domain","<50 m, Norton Sound and N of St. Lawrence Island to Bering Strait. Omits AA-10",238107.529525742,199363.508969719,284381.007887774,12.3804776553506,0.0906101036308565,249259.540635147,0.147840996516059,12.4262499644642,0.147042583527752,186848.199081577,332517.620737241,249259.540635147,1357979903.96206,286110.319513782,322961.098392417,212408.761756512,175557.982877877,0.147840996516059
"misc_species","Sea stars",2022,"81","Middle Domain",">50 m, N of standard area, between 50 m and convention line, N to St Lawrence",10918.649099646,9159.95705616707,13015.0062309448,9.2982275328227,0.0896091789146318,15928.3372270617,0.222694351326512,9.67585501748511,0.220005124403864,10349.0799108479,24515.4090029838,15928.3372270617,12582278.2764417,19475.4879535522,23022.6386800426,12381.1865005713,8834.03577408082,0.222694351326512
"misc_species","Sea stars",2022,"99902","All","NBS Region: All Strata",395979.698339828,351129.334885362,446558.877082981,NA,NA,NA,NA,NA,NA,NA,NA,420170.537139143,2190508914.28269,466973.410066803,513776.282994463,373367.664211483,326564.791283823,0.111390182772765
"misc_species","Sea stars",2023,"70","Inner Domain","<50 m , N of standard area, N to St.Lawrence Is.",146953.520818361,126718.515235419,170419.746797005,11.8978716308548,0.0755871750378854,153068.066295646,0.189166488452847,11.9386379791951,0.187506238867225,105993.442093594,221049.835317161,153068.066295646,838412212.281996,182023.41489106,210978.763486475,124112.717700231,95157.3691048157,0.189166488452847
"misc_species","Sea stars",2023,"71","Inner Domain","<50 m, Norton Sound and N of St. Lawrence Island to Bering Strait. Omits AA-10",239945.946170766,198890.095078455,289476.743731624,12.3881689526689,0.0957473142601079,242646.484149779,0.125925472531929,12.3993608653395,0.125430508030665,189761.175044108,310270.613873273,242646.484149779,933630829.849581,273201.857324551,303757.230499323,212091.110975007,181535.737800235,0.125925472531929
"misc_species","Sea stars",2023,"81","Middle Domain",">50 m, N of standard area, between 50 m and convention line, N to St Lawrence",10918.6490966902,9159.95705087662,13015.006231415,9.29822753255199,0.0896091790711895,8546.65956943444,0.205703850687736,9.05329579195677,0.20357630678052,5734.71631375899,12737.4024797969,8546.65956943444,3090848.04289373,10304.7403533843,12062.8211373341,6788.57878548459,5030.49800153474,0.205703850687736
"misc_species","Sea stars",2023,"99902","All","NBS Region: All Strata",397818.116085817,350786.635072562,451155.311129034,NA,NA,NA,NA,NA,NA,NA,NA,404261.210014859,1775133890.17447,446393.54783481,488525.885654761,362128.872194908,319996.534374957,0.104220580100679
"jellyfish","Jellyfish",2017,"70","Inner Domain","<50 m , N of standard area, N to St.Lawrence Is.",30282.4543851637,20085.7329581287,45655.6425150718,10.3183237605797,0.209472584638603,29817.8949958552,0.216882726798747,10.3028639954802,0.214395282883767,19587.6973628514,45391.086329017,29817.8949958552,41821912.7627926,36284.881369955,42751.8677440548,23350.9086217554,16883.9222476556,0.216882726798747
"jellyfish","Jellyfish",2017,"71","Inner Domain","<50 m, Norton Sound and N of St. Lawrence Island to Bering Strait. Omits AA-10",31195.7877497575,18137.9796281703,53654.1110574669,10.3480383566626,0.276676010421893,30984.1529791483,0.289043220266621,10.3412311585419,0.283264859414012,17783.7826872615,53982.7635502383,30984.1529791483,80205625.6126088,39939.9123334749,48895.6716878015,22028.3936248217,13072.634270495,0.289043220266621
"jellyfish","Jellyfish",2017,"81","Middle Domain",">50 m, N of standard area, between 50 m and convention line, N to St Lawrence",5707.49758912902,4318.82685913964,7542.67994350738,8.64953595599983,0.142245915855768,5493.44916127217,0.146628876404536,8.6113115997561,0.145849792919245,4127.59940248949,7311.26757826367,5493.44916127217,648827.476026546,6298.94743937496,7104.44571747774,4687.95088316939,3882.45260506661,0.146628876404536
"jellyfish","Jellyfish",2017,"99902","All","NBS Region: All Strata",67185.7397240502,49111.2426405856,91912.2257871256,NA,NA,NA,NA,NA,NA,NA,NA,66295.4971362757,122676365.851428,77371.4334782482,88447.3698202207,55219.5607943031,44143.6244523306,0.167069210133609
"jellyfish","Jellyfish",2019,"70","Inner Domain","<50 m , N of standard area, N to St.Lawrence Is.",40966.2490573624,31012.329381916,54115.0437673495,10.6205038129536,0.142024898801771,42746.2664305506,0.142165858584914,10.6630371355931,0.141455284076771,32395.9882082103,56403.3818634533,42746.2664305506,36930654.2132781,48823.3260989493,54900.385767348,36669.2067621519,30592.1470937532,0.142165858584914
"jellyfish","Jellyfish",2019,"71","Inner Domain","<50 m, Norton Sound and N of St. Lawrence Island to Bering Strait. Omits AA-10",35775.4371991566,23569.6954836138,54302.0128401999,10.485016825151,0.212911947492858,37746.86753284,0.217357154607622,10.5386577719717,0.214853620430509,24774.0599250513,57512.8183613132,37746.86753284,67314668.963714,45951.4192551289,54155.9709774178,29542.3158105511,21337.7640882621,0.217357154607622
"jellyfish","Jellyfish",2019,"81","Middle Domain",">50 m, N of standard area, between 50 m and convention line, N to St Lawrence",8052.8280009382,6206.31260456503,10448.7226062373,8.99377861318402,0.132888359252548,8301.81396274441,0.144329872779578,9.02422931963442,0.143586598864011,6265.44414076655,11000.0366332507,8301.81396274441,1435682.64828727,9500.01371582704,10698.2134689097,7103.61420966178,5905.41445657915,0.144329872779578
"jellyfish","Jellyfish",2019,"99902","All","NBS Region: All Strata",84794.5142574572,67850.4327623574,105969.989511211,NA,NA,NA,NA,NA,NA,NA,NA,88794.947926135,105681005.825279,99075.0746678284,109355.201409522,78514.8211844416,68234.6944427482,0.11577377972275
"jellyfish","Jellyfish",2021,"70","Inner Domain","<50 m , N of standard area, N to St.Lawrence Is.",8208.30231414454,5876.39647596926,11465.5685939362,9.01290139837757,0.170514556496824,7640.5445253241,0.170682996671193,8.94122415256895,0.169459123271816,5481.26051295969,10650.4554026275,7640.5445253241,1700705.59364838,8944.65556110609,10248.7665968881,6336.43348954211,5032.32245376012,0.170682996671193
"jellyfish","Jellyfish",2021,"71","Inner Domain","<50 m, Norton Sound and N of St. Lawrence Island to Bering Strait. Omits AA-10",6284.2231490299,4100.86154748811,9630.03996342986,8.74579750941178,0.217782137134945,5914.4050757448,0.225041022272662,8.68514619244366,0.222267400091539,3825.75110126427,9143.35158615945,5914.4050757448,1771517.78104378,7245.38884012504,8576.37260450527,4583.42131136457,3252.43754698434,0.225041022272662
"jellyfish","Jellyfish",2021,"81","Middle Domain",">50 m, N of standard area, between 50 m and convention line, N to St Lawrence",8561.86796964055,6392.77434006366,11466.9436507635,9.0550736660815,0.149058883843997,8404.26458050211,0.178612606866045,9.03649454415639,0.177212161876974,5938.22228684475,11894.4121198622,8404.26458050211,2253324.04333633,9905.37218601756,11406.479791533,6903.15697498666,5402.04936947121,0.178612606866045
"jellyfish","Jellyfish",2021,"99902","All","NBS Region: All Strata",23054.393432815,18900.5583154753,28121.1299520099,NA,NA,NA,NA,NA,NA,NA,NA,21959.214181571,5725547.41802849,24352.0257951396,26744.8374087081,19566.4025680025,17173.5909544339,0.108966176739452
"jellyfish","Jellyfish",2022,"70","Inner Domain","<50 m , N of standard area, N to St.Lawrence Is.",11275.4253233038,5536.58961213883,22962.7306930352,9.33038088634709,0.362887734289097,12955.4863655284,0.561833280604021,9.46927463497991,0.523770830948884,4641.08136174216,36164.9826592107,12955.4863655284,52981270.1839653,20234.3097720938,27513.1331786593,5676.6629589629,0,0.561833280604021
"jellyfish","Jellyfish",2022,"71","Inner Domain","<50 m, Norton Sound and N of St. Lawrence Island to Bering Strait. Omits AA-10",7096.1512944831,5048.29146603515,9974.73373575685,8.86730784485614,0.173729061388013,6812.01297445386,0.178916384508257,8.82644294642754,0.177508862622331,4810.38291842379,9646.53366500243,6812.01297445386,1485426.47418776,8030.79370706648,9249.5744396791,5593.23224184124,4374.45150922861,0.178916384508257
"jellyfish","Jellyfish",2022,"81","Middle Domain",">50 m, N of standard area, between 50 m and convention line, N to St Lawrence",9343.06905285437,7383.00309662848,11823.5002997992,9.14239006963093,0.120131958037101,8742.3895526365,0.12914641772313,9.07593883547329,0.128612727063465,6794.45775271079,11248.782150357,8742.3895526365,1274750.04806874,9871.43784569962,11000.4861387627,7613.34125957338,6484.29296651027,0.12914641772313
"jellyfish","Jellyfish",2022,"99902","All","NBS Region: All Strata",27714.6456706412,20277.2299695955,37880.0055925251,NA,NA,NA,NA,NA,NA,NA,NA,28509.8888926187,55741446.7062218,35975.9083612661,43441.9278299135,21043.8694239713,13577.8499553239,0.261874730440649
"jellyfish","Jellyfish",2023,"70","Inner Domain","<50 m , N of standard area, N to St.Lawrence Is.",12337.7922829275,7684.57425190157,19808.6599760551,9.42042237407328,0.241561642587531,12497.4252896405,0.257369058838194,9.43327792524549,0.253253521390974,7607.65414921602,20530.0656163821,12497.4252896405,10345554.3637875,15713.8758743359,18930.3264590314,9280.97470494509,6064.52412024966,0.257369058838194
"jellyfish","Jellyfish",2023,"71","Inner Domain","<50 m, Norton Sound and N of St. Lawrence Island to Bering Strait. Omits AA-10",22829.7793246484,10482.7896236527,49719.4776127288,10.0358210734521,0.397114932557157,28792.4322194144,0.416992668651735,10.2678678614347,0.400396003718626,13135.9249003918,63109.6903640831,28792.4322194144,144149634.407683,40798.6653675623,52804.8985157101,16786.1990712666,4779.96592311882,0.416992668651735
"jellyfish","Jellyfish",2023,"81","Middle Domain",">50 m, N of standard area, between 50 m and convention line, N to St Lawrence",14980.6146698013,10813.7453897273,20753.1070685516,9.61451228892641,0.16629844544961,16966.9188653591,0.159946209090826,9.73902077812304,0.158937177619684,12425.5440184077,23168.1071957256,16966.9188653591,7364679.78747531,19680.7132178249,22394.5075702907,14253.1245128933,11539.3301604275,0.159946209090826
"jellyfish","Jellyfish",2023,"99902","All","NBS Region: All Strata",50148.1862773773,34106.7738939666,73734.3436447209,NA,NA,NA,NA,NA,NA,NA,NA,58256.776374414,161859868.558946,70979.1923619121,83701.6083494102,45534.360386916,32811.9443994179,0.218385169576353
"structural_epifauna","Sponges",2017,"70","Inner Domain","<50 m , N of standard area, N to St.Lawrence Is.",946.904436041805,272.05058126148,3295.81361979838,6.85319817578343,0.636343410436944,1241.67075783434,0.612860779912469,7.12421313704026,0.564702390288654,410.516773864615,3755.62308050624,1241.67075783434,579077.333183361,2002.6420668752,2763.61337591606,480.699448793481,0,0.612860779912469
"structural_epifauna","Sponges",2017,"71","Inner Domain","<50 m, Norton Sound and N of St. Lawrence Island to Bering Strait. Omits AA-10",20337.7714181835,8756.27560290497,47237.5431080605,9.92023509713872,0.429961555287301,22318.1103874329,0.452088676298429,10.0131537528501,0.431240507249074,9584.83930390899,51967.2824418142,22318.1103874329,101803357.402825,32407.8753699697,42497.6403525064,12228.3454048961,2138.58042235937,0.452088676298429
"structural_epifauna","Sponges",2017,"81","Middle Domain",">50 m, N of standard area, between 50 m and convention line, N to St Lawrence",8.44423743928507,2.19634090099752,32.4654273380962,2.13348424888077,0.687100125642949,9.12638238716312,0.78195852060316,2.21116938247805,0.690753254940821,2.35683090695734,35.3401914540613,9.12638238716312,50.928953855496,16.2628348570879,23.3992873270128,1.98992991723831,0,0.78195852060316
"structural_epifauna","Sponges",2017,"99902","All","NBS Region: All Strata",21293.1200916646,9502.69531085699,47712.4592977359,NA,NA,NA,NA,NA,NA,NA,NA,23568.9075276544,102382485.664962,33687.3306095858,43805.7536915172,13450.484445723,3332.06136379158,0.429312350182504
"structural_epifauna","Sponges",2019,"70","Inner Domain","<50 m , N of standard area, N to St.Lawrence Is.",785.870259125975,383.649373608592,1609.78254276732,6.6667917140793,0.36585502276003,899.824430762531,0.547910295412075,6.80219966736381,0.512369472575333,329.631035378553,2456.33426254072,899.824430762531,243071.747234817,1392.84750044063,1885.87057011873,406.80136108443,0,0.547910295412075
"structural_epifauna","Sponges",2019,"71","Inner Domain","<50 m, Norton Sound and N of St. Lawrence Island to Bering Strait. Omits AA-10",1621.10547265895,640.944043823587,4100.17532545811,7.3908635860341,0.4734379995603,1468.12602306645,0.516913063875752,7.29174205226535,0.486630295157822,565.643601175687,3810.51604778156,1468.12602306645,575919.375819637,2227.01954380545,2985.91306454445,709.232502327448,0,0.516913063875752
"structural_epifauna","Sponges",2019,"81","Middle Domain",">50 m, N of standard area, between 50 m and convention line, N to St Lawrence",3.15743549037353,0.0651986525488156,152.908050797615,1.14976014443159,1.97966730599615,NA,NA,NA,NA,NA,NA,0,0,0,0,0,0,NA
"structural_epifauna","Sponges",2019,"99902","All","NBS Region: All Strata",2410.1331672753,1237.59003683312,4693.59134375753,NA,NA,NA,NA,NA,NA,NA,NA,2367.95045382898,818991.123054454,3272.93173709093,4177.91302035289,1462.96917056703,557.987887305071,0.382179146442274
"structural_epifauna","Sponges",2021,"70","Inner Domain","<50 m , N of standard area, N to St.Lawrence Is.",582.456141363267,144.040686577834,2355.27311533929,6.36725388880817,0.712848855633002,234.475479990745,0.596507633790194,5.45735101947999,0.551731309913966,79.5175317818143,691.404140507586,234.475479990745,19562.6136955936,374.341893741844,514.208307492943,94.6090662396454,0,0.596507633790194
"structural_epifauna","Sponges",2021,"71","Inner Domain","<50 m, Norton Sound and N of St. Lawrence Island to Bering Strait. Omits AA-10",1075.38186844635,351.123548869622,3293.55910962432,6.9804311039455,0.571078326010712,774.346870401723,0.62428738849377,6.65201992617298,0.573683620882454,251.544695818668,2383.72379011795,774.346870401723,233690.048217002,1257.76185591314,1741.17684142455,290.931884890307,0,0.62428738849377
"structural_epifauna","Sponges",2021,"81","Middle Domain",">50 m, N of standard area, between 50 m and convention line, N to St Lawrence",1.18061565032382,0.0398132440762595,35.0097899864607,0.166036039982416,1.72941529692887,NA,NA,NA,NA,NA,NA,0,0,0,0,0,0,NA
"structural_epifauna","Sponges",2021,"99902","All","NBS Region: All Strata",1659.01862545994,691.034993605393,3982.92825268222,NA,NA,NA,NA,NA,NA,NA,NA,1008.82235039247,253252.661912596,1512.06450076602,2015.30665113957,505.580200018916,2.33804964536546,0.498841198529922
"structural_epifauna","Sponges",2022,"70","Inner Domain","<50 m , N of standard area, N to St.Lawrence Is.",695.958222197971,314.964162148008,1537.81891800551,6.54528963295518,0.404512928714207,1286.29898490363,0.67814819229131,7.15952436992447,0.615107832359539,385.266449636653,4294.59943923106,1286.29898490363,760909.612689888,2158.60031626218,3030.90164762072,413.997653545087,0,0.67814819229131
"structural_epifauna","Sponges",2022,"71","Inner Domain","<50 m, Norton Sound and N of St. Lawrence Island to Bering Strait. Omits AA-10",10948.6673550447,3935.49199509124,30459.5504198558,9.30097302510262,0.52204114443876,14271.7539428222,0.587338400116954,9.5660376141178,0.544397858686452,4910.04024764638,41482.951326539,14271.7539428222,70263776.897648,22654.1030704623,31036.4521981023,5889.40481518219,0,0.587338400116954
"structural_epifauna","Sponges",2022,"81","Middle Domain",">50 m, N of standard area, between 50 m and convention line, N to St Lawrence",0.721930783623648,0.114088885244572,4.56822814269938,-0.325826012242173,0.941319045438959,0.414825175218494,1,-0.879898112042018,0.832554611157698,0.0811322154878308,2.12098147400973,0.414825175218494,0.172079925995055,0.829650350436989,1.24447552565548,0,0,1
"structural_epifauna","Sponges",2022,"99902","All","NBS Region: All Strata",11645.3475080263,4444.95756349615,30509.6542870091,NA,NA,NA,NA,NA,NA,NA,NA,15558.4677529011,71024686.6824178,23986.0822838593,32413.6968148175,7130.85322194289,0,0.54167381163783
"structural_epifauna","Sponges",2023,"70","Inner Domain","<50 m , N of standard area, N to St.Lawrence Is.",695.958222197971,249.800409955753,1938.9793921105,6.54528963295518,0.522778684818325,NA,NA,NA,NA,NA,NA,0,0,0,0,0,0,NA
"structural_epifauna","Sponges",2023,"71","Inner Domain","<50 m, Norton Sound and N of St. Lawrence Island to Bering Strait. Omits AA-10",11587.9049245873,3445.39318776363,38973.6477735458,9.35771715421175,0.618850067637138,11703.3934294609,0.745906719160348,9.3676341154394,0.665101930134684,3178.16188899831,43097.0550112282,11703.3934294609,76206610.968116,20433.0332254729,29162.6730214849,2973.75363344895,0,0.745906719160348
"structural_epifauna","Sponges",2023,"81","Middle Domain",">50 m, N of standard area, between 50 m and convention line, N to St Lawrence",4.93847245439789,0.885965418068891,27.5276096396692,1.59705606362403,0.876614793863668,7.67730496975992,1,2.03826857017852,0.832554611157698,1.50154040396482,39.2536966991141,7.67730496975992,58.9410115987003,15.3546099395198,23.0319149092797,0,0,1
"structural_epifauna","Sponges",2023,"99902","All","NBS Region: All Strata",12288.8016192396,3909.74774284791,38625.1633531287,NA,NA,NA,NA,NA,NA,NA,NA,11711.0707344307,76206669.9091276,20440.7139063552,29170.3570782796,2981.42756250621,0,0.745418021108797
"structural_epifauna","Sea anemones",2017,"70","Inner Domain","<50 m , N of standard area, N to St.Lawrence Is.",538.351511927551,308.018220857259,940.925993235281,6.28851171470498,0.284879099441604,597.536382877388,0.293556326829104,6.39281517379683,0.287511116661742,340.121783412786,1049.77024781992,597.536382877388,30768.8735771028,772.946968581624,948.357554285859,422.125797173153,246.715211468918,0.293556326829104
"structural_epifauna","Sea anemones",2017,"71","Inner Domain","<50 m, Norton Sound and N of St. Lawrence Island to Bering Strait. Omits AA-10",16705.7714229773,9736.81059960473,28662.6504625749,9.72350953289119,0.275433961020134,19261.3279532283,0.260408323494856,9.86585463174101,0.256148704064402,11658.7517143855,31821.4817169532,19261.3279532283,25158351.1657608,24277.1380738131,29292.9481943979,14245.5178326435,9229.70771205873,0.260408323494856
"structural_epifauna","Sea anemones",2017,"81","Middle Domain",">50 m, N of standard area, between 50 m and convention line, N to St Lawrence",904.518418860343,494.21589471178,1655.45782483332,6.80740266821048,0.308388428273267,1063.25602891957,0.324140242984644,6.96909120439237,0.316078903945283,572.256854196348,1975.5348926689,1063.25602891957,118779.533310421,1407.90009648845,1752.54416405733,718.611961350697,373.967893781818,0.324140242984644
"structural_epifauna","Sea anemones",2017,"99902","All","NBS Region: All Strata",18148.6413537652,11028.5377700518,29865.5352010504,NA,NA,NA,NA,NA,NA,NA,NA,20922.1203650253,25307899.5726483,25952.8160994787,30983.5118339322,15891.4246305718,10860.7288961183,0.240448656574173
"structural_epifauna","Sea anemones",2019,"70","Inner Domain","<50 m , N of standard area, N to St.Lawrence Is.",213.218835966055,105.263828670348,431.888831947132,5.36231903719805,0.360133752478136,164.896233112484,0.351938799693239,5.10531638583881,0.341716265387268,84.399781501032,322.166328053282,164.896233112484,3367.87346762481,222.929615468029,280.962997823573,106.86285075694,48.8294684013956,0.351938799693239
"structural_epifauna","Sea anemones",2019,"71","Inner Domain","<50 m, Norton Sound and N of St. Lawrence Island to Bering Strait. Omits AA-10",11280.0129952016,6743.43296146055,18868.5338608836,9.33078767710827,0.26248607906435,9846.1458512761,0.318133325057987,9.19483537346012,0.310497176958328,5357.60373277298,18095.1397229268,9846.1458512761,9811849.06122456,12978.5329699485,16110.9200886208,6713.75873260373,3581.37161393137,0.318133325057987
"structural_epifauna","Sea anemones",2019,"81","Middle Domain",">50 m, N of standard area, between 50 m and convention line, N to St Lawrence",458.093562148913,254.976106147094,823.01716366011,6.12707344741895,0.298935905280021,367.185388128778,0.293073138636033,5.90586686527697,0.287056866062011,209.190589159248,644.50848289664,367.185388128778,11580.3800274832,474.797562288968,582.409736449159,259.573213968587,151.961039808396,0.293073138636033
"structural_epifauna","Sea anemones",2019,"99902","All","NBS Region: All Strata",11951.3253933166,7349.22194589146,19435.2789599427,NA,NA,NA,NA,NA,NA,NA,NA,10378.2274725174,9826797.31471967,13512.9997632459,16647.7720539745,7243.45518178879,4108.68289106021,0.302052763733478
"structural_epifauna","Sea anemones",2021,"70","Inner Domain","<50 m , N of standard area, N to St.Lawrence Is.",424.819115721469,226.350006637958,797.310694896647,6.05166346825961,0.32122068059292,397.522271678543,0.402564662587604,5.98525096190478,0.387547204605521,185.986185336188,849.654269723451,397.522271678543,25609.0949418349,557.550690847873,717.579110017203,237.493852509212,77.4654333398821,0.402564662587604
"structural_epifauna","Sea anemones",2021,"71","Inner Domain","<50 m, Norton Sound and N of St. Lawrence Island to Bering Strait. Omits AA-10",9831.38230802851,5784.69250426046,16708.9396740498,9.19333482462103,0.270599023534827,7662.12179186274,0.255451646618469,8.94404422070497,0.251425371773087,4680.96492039002,12541.8821443435,7662.12179186274,3831029.66423428,9619.42342018534,11576.7250485079,5704.82016354015,3747.51853521756,0.255451646618469
"structural_epifauna","Sea anemones",2021,"81","Middle Domain",">50 m, N of standard area, between 50 m and convention line, N to St Lawrence",717.103346453942,442.434640162257,1162.28966454085,6.57521996752656,0.246395966275624,651.495714269345,0.297302791615407,6.47927081829207,0.291030196488625,368.286848724181,1152.48933591219,651.495714269345,37516.3950717625,845.187208847095,1038.87870342484,457.804219691595,264.112725113846,0.297302791615407
"structural_epifauna","Sea anemones",2021,"99902","All","NBS Region: All Strata",10973.3047702039,6811.56983903217,17677.7777260358,NA,NA,NA,NA,NA,NA,NA,NA,8711.13977781063,3894155.15424788,10684.5011624151,12657.8625470195,6737.77839320621,4764.41700860179,0.226533086936688
"structural_epifauna","Sea anemones",2022,"70","Inner Domain","<50 m , N of standard area, N to St.Lawrence Is.",705.298962309546,347.275030791089,1432.42842741024,6.55862177293777,0.361488637841337,877.357169620667,0.44215920447632,6.77691417242854,0.422573651882336,383.249048073977,2008.49971305396,877.357169620667,150490.886058644,1265.28871778174,1653.22026594281,489.425621459597,101.494073298528,0.44215920447632
"structural_epifauna","Sea anemones",2022,"71","Inner Domain","<50 m, Norton Sound and N of St. Lawrence Island to Bering Strait. Omits AA-10",13115.3636247167,7178.80993697346,23961.1808250579,9.48153961778141,0.307480505340887,65636.6351833683,0.858629483271166,11.0918892822108,0.743169084951042,15295.35767314,281665.062711159,65636.6351833683,3176173459.03979,121994.185334522,178351.735485675,9279.08503221477,0,0.858629483271166
"structural_epifauna","Sea anemones",2022,"81","Middle Domain",">50 m, N of standard area, between 50 m and convention line, N to St Lawrence",1138.41969631433,698.101078541905,1856.46383423918,7.03739634837784,0.249510934023518,1353.17505420483,0.283629411862731,7.21020900206683,0.278161084063575,784.481739585298,2334.13046464308,1353.17505420483,147302.627886613,1736.97529897626,2120.7755437477,969.374809433395,585.57456466196,0.283629411862731
"structural_epifauna","Sea anemones",2022,"99902","All","NBS Region: All Strata",14959.0822833406,8798.52157800619,25433.1526922804,NA,NA,NA,NA,NA,NA,NA,NA,67867.1674071938,3176471252.55373,124227.359498365,180587.551589537,11506.9753160225,0,0.830448569527262
"structural_epifauna","Sea anemones",2023,"70","Inner Domain","<50 m , N of standard area, N to St.Lawrence Is.",747.641137070878,280.65112829393,1991.68010917534,6.61692309957703,0.49991262372021,804.005140739843,0.761700444608285,6.68960566311355,0.676419657819328,213.544981220818,3027.11055366669,804.005140739843,375047.322539865,1416.41621390873,2028.82728707761,191.594067570958,0,0.761700444608285
"structural_epifauna","Sea anemones",2023,"71","Inner Domain","<50 m, Norton Sound and N of St. Lawrence Island to Bering Strait. Omits AA-10",13438.0159474167,8596.98756451604,21005.06383752,9.50584298021973,0.227900025745755,13646.6308215529,0.242998900997744,9.52124794388663,0.239522089338992,8533.82771335724,21822.6262628043,13646.6308215529,10996627.2617978,16962.7471135122,20278.8634054715,10330.5145295936,7014.39823763431,0.242998900997744
"structural_epifauna","Sea anemones",2023,"81","Middle Domain",">50 m, N of standard area, between 50 m and convention line, N to St Lawrence",1130.17722298493,626.092669889866,2040.11421436799,7.03012973390908,0.301348057135774,1124.97214721471,0.377949169150046,7.02551355630066,0.365405624240857,549.677472751632,2302.37256344814,1124.97214721471,180779.978332276,1550.15443557145,1975.33672392819,699.789858857965,274.607570501223,0.377949169150046
"structural_epifauna","Sea anemones",2023,"99902","All","NBS Region: All Strata",15315.8343074725,10295.126013142,22785.0324740572,NA,NA,NA,NA,NA,NA,NA,NA,15575.6081095074,11552454.5626699,18974.4983052434,22373.3885009793,12176.7179137715,8777.82771803554,0.218218779763806
