"INDICATOR_NAME","TAXA","YEAR","AREA_ID","AREA_NAME","DESCRIPTION","MEAN_REMA_BIOMASS_MT","LCI_REMA_BIOMASS_MT","UCI_REMA_BIOMASS_MT","LOG_MEAN_REMA_BIOMASS_MT","SD_LOG_REMA_BIOMASS_MT","OBS_REMA_BIOMASS_MT","CV_OBS_REMA_BIOMASS_MT","LOG_OBS_REMA_BIOMASS_MT","SD_LOG_OBS_REMA_BIOMASS_MT","LCI_OBS_REMA_BIOMASS_MT","UCI_OBS_REMA_BIOMASS_MT","DBI_BIOMASS_MT","DBI_BIOMASS_VAR","DBI_BIOMASS_PLUS1_SD","DBI_BIOMASS_PLUS2_SD","DBI_BIOMASS_MINUS1_SD","DBI_BIOMASS_MINUS2_SD","DBI_CV"
"misc_species","Eelpouts",2017,"70","Inner Domain",NA,61.5544144877077,33.6547900732767,112.582664597665,4.11992157203594,0.308049627933945,78.8162630382393,0.664771642584547,4.36711935930364,0.604959904380242,24.0809178071124,257.963727507021,78.8162630382393,2745.21681098087,131.211079680545,183.605896322851,26.4214463959332,0,0.664771642584547
"misc_species","Eelpouts",2017,"71","Inner Domain",NA,5367.07911899999,2261.57956117008,12736.9113004817,8.58803911382334,0.440936849673563,6997.62724342385,0.456690474087431,8.85332640535059,0.43524095546231,2981.76238200761,16422.0956483255,6997.62724342385,10212816.1660549,10193.3769467102,13389.1266499966,3801.87754013749,606.12783685113,0.456690474087431
"misc_species","Eelpouts",2017,"81","Middle Domain",NA,2564.47466488174,1639.20456578204,4012.02537139272,7.84950892761567,0.228342229169957,2683.58666766195,0.233016711681738,7.89490948759693,0.229943455988377,1709.96570780264,4211.56831975729,2683.58666766195,391025.778760836,3308.90720847349,3934.22774928502,2058.26612685041,1432.94558603887,0.233016711681738
"misc_species","Eelpouts",2017,"99902","All","NBS Region: All Strata",7993.10819836944,4396.32321062012,14532.5481339733,NA,NA,NA,NA,NA,NA,NA,NA,9760.03017412404,10606587.1616267,13016.805751536,16273.5813289479,6503.25459671213,3246.47901930022,0.3336849906516
"misc_species","Eelpouts",2019,"70","Inner Domain",NA,61.5544143660078,33.6547901573095,112.58266387138,4.11992157005883,0.308049625651242,40.0319787937244,0.720175578093142,3.68967860455126,0.646392812249892,11.2770757752189,142.10770221681,40.0319787937244,831.171983082074,68.8620322637074,97.6920857336903,11.2019253237415,0,0.720175578093142
"misc_species","Eelpouts",2019,"71","Inner Domain",NA,1006.21117885074,597.101097363357,1695.62732494541,6.91394724796444,0.26626040616451,962.3505614709,0.284959768659982,6.86937879329828,0.279416266045649,556.536621374961,1664.07486514601,962.3505614709,75202.7474152426,1236.58175483745,1510.812948204,688.119368104349,413.888174737798,0.284959768659982
"misc_species","Eelpouts",2019,"81","Middle Domain",NA,691.242193859899,405.08372910595,1179.5481680462,6.53849025998421,0.272656273241332,704.690924039697,0.291941718632321,6.55775930106698,0.28599285962746,402.310265783329,1234.34408877692,704.690924039697,42324.2895559546,910.419603508445,1116.14828297719,498.96224457095,293.233565102203,0.291941718632321
"misc_species","Eelpouts",2019,"99902","All","NBS Region: All Strata",1759.00778707665,1220.36541332774,2535.39502283923,NA,NA,NA,NA,NA,NA,NA,NA,1707.07346430432,118358.208954279,2051.10574324669,2395.13802218906,1363.04118536195,1019.00890641959,0.201533376352125
"misc_species","Eelpouts",2021,"70","Inner Domain",NA,61.5544144298387,33.6547902009195,112.582663958987,4.11992157109582,0.308049625519187,NA,NA,NA,NA,NA,NA,0,0,0,0,0,0,NA
"misc_species","Eelpouts",2021,"71","Inner Domain",NA,373.256757168178,162.239097234381,858.736328953022,5.92226653985403,0.425107497087999,310.443553027022,0.550219758950716,5.73800209105323,0.514267544638,113.301932587152,850.605081620382,310.443553027022,29176.799782213,481.255729941354,652.067906855686,139.63137611269,0,0.550219758950716
"misc_species","Eelpouts",2021,"81","Middle Domain",NA,130.031050557798,67.2922275804581,251.263403176071,4.86777327237995,0.336092161254422,114.837917683847,0.372459072053694,4.74352172276391,0.360430136335678,56.6613112522671,232.746949311634,114.837917683847,1829.48027682973,157.610341940952,200.382766198056,72.0654934267432,29.2930691696388,0.372459072053694
"misc_species","Eelpouts",2021,"99902","All","NBS Region: All Strata",564.842222155815,317.881429828816,1003.665851452,NA,NA,NA,NA,NA,NA,NA,NA,425.28147071087,31006.2800590428,601.367472593594,777.453474476318,249.195468828146,73.1094669454214,0.414045788518347
"misc_species","Eelpouts",2022,"70","Inner Domain",NA,61.554414461754,33.6547902226953,112.582664002888,4.11992157161431,0.308049625453604,22.5690603722666,0.83685399424285,3.1165799582511,0.728573385822323,5.41191152337945,94.1187755724697,22.5690603722666,356.719083235904,41.4560686911059,60.3430770099451,3.68205205342727,0,0.83685399424285
"misc_species","Eelpouts",2022,"71","Inner Domain",NA,344.767014449504,177.565060497685,669.412630611379,5.84286886846358,0.338542847687754,294.849741466744,0.397496696680035,5.68646587561636,0.383011107630905,139.181369477296,624.626488225405,294.849741466744,13736.2615130321,412.051539716737,529.25333796673,177.647943216751,60.4461449667579,0.397496696680035
"misc_species","Eelpouts",2022,"81","Middle Domain",NA,117.046962352444,54.307032701053,252.269194513894,4.76257524189101,0.391803887072239,100.025250922804,0.493063472265731,4.60542266334104,0.466494996086259,40.0892922329088,249.569155874416,100.025250922804,2432.34379022421,149.344048457052,198.662845991301,50.706453388555,1.38765585430639,0.493063472265731
"misc_species","Eelpouts",2022,"99902","All","NBS Region: All Strata",523.368391263701,325.486130140464,841.554977644506,NA,NA,NA,NA,NA,NA,NA,NA,417.444052761814,16525.3243864922,545.99491579467,674.545778827527,288.893189728958,160.342326696102,0.307947525380617
"misc_species","Eelpouts",2023,"70","Inner Domain",NA,61.5544146639509,33.6547902814489,112.582664545978,4.11992157489915,0.30804962623886,134.100616926493,1,4.8985903907729,0.832554611157698,26.2276274428153,685.650103093567,134.100616926493,17982.975460066,268.201233852986,402.301850779479,0,0,1
"misc_species","Eelpouts",2023,"71","Inner Domain",NA,602.283126439238,330.397378605698,1097.90509211736,6.40072764444761,0.306348250054854,645.192211175186,0.350944036295217,6.46954827422404,0.340804444652407,330.82311505551,1258.29475153596,645.192211175186,51268.8959485832,871.618569951242,1098.0449287273,418.76585239913,192.339493623075,0.350944036295217
"misc_species","Eelpouts",2023,"81","Middle Domain",NA,182.851613003939,96.6943977088186,345.777140872484,5.20867496601636,0.325066942566173,178.639826020321,0.369173250317451,5.18537163361921,0.357445928003637,88.6583739013801,359.945553209315,178.639826020321,4349.27656385552,244.588871228387,310.537916436453,112.690780812255,46.7417356041892,0.369173250317451
"misc_species","Eelpouts",2023,"99902","All","NBS Region: All Strata",846.689154107128,539.404535084649,1329.02576277032,NA,NA,NA,NA,NA,NA,NA,NA,957.932654122,73601.1479725047,1229.22796918016,1500.52328423831,686.637339063843,415.342024005686,0.283209173307506
"misc_species","Eelpouts",2025,"70","Inner Domain",NA,61.5544148659391,33.6547902017339,112.582665551513,4.11992157818061,0.3080496291216,105.365107683727,0.784351920715843,4.65743153465527,0.692433174419925,27.1204335985491,409.352080484339,105.365107683727,6829.91909898449,188.008432271891,270.651756860054,22.7217830955642,0,0.784351920715843
"misc_species","Eelpouts",2025,"71","Inner Domain",NA,905.171382539546,466.459486912689,1756.49816276952,6.808124298743,0.338247606706365,944.323258971064,0.36373025916817,6.8504685428786,0.352492125667084,473.237166413795,1884.35414781854,944.323258971064,117977.784781807,1287.80220269514,1631.28114641922,600.844315246987,257.365371522911,0.36373025916817
"misc_species","Eelpouts",2025,"81","Middle Domain",NA,589.543957034612,312.112739530819,1113.57863122953,6.37934928383803,0.324488011853439,641.087166330675,0.339873260358434,6.46316543259081,0.330628395069684,335.340249318102,1225.59924038235,641.087166330675,47475.3484899338,858.975551725431,1076.86393712019,423.198780935919,205.310395541163,0.339873260358434
"misc_species","Eelpouts",2025,"99902","All","NBS Region: All Strata",1556.2697544401,987.07847941359,2453.68083602015,NA,NA,NA,NA,NA,NA,NA,NA,1690.77553298547,172283.052370725,2105.84546970785,2520.91540643024,1275.70559626308,860.635659540695,0.245490858262824
"misc_species","Poachers",2017,"70","Inner Domain",NA,1200.99716925057,602.365244019223,2394.55083916138,7.09090746508351,0.352069472478317,1423.6387648776,0.412857263749649,7.26097138344063,0.396723136888227,654.196865213043,3098.06946598894,1423.6387648776,345461.353311246,2011.39836991289,2599.15797494819,835.879159842302,248.119554807007,0.412857263749649
"misc_species","Poachers",2017,"71","Inner Domain",NA,489.40972455067,296.462450552633,807.933274646663,6.19320002116398,0.255759522633229,590.80885485679,0.249415076917506,6.38149253845417,0.245661653708669,365.039126892341,956.212847506993,590.80885485679,21713.9781666496,738.16549083444,885.52212681209,443.452218879141,296.095582901491,0.249415076917506
"misc_species","Poachers",2017,"81","Middle Domain",NA,13.3999435309445,7.52245470492973,23.8696667079738,2.59525049283937,0.294575813213113,12.8600878954233,0.301640316496514,2.55412855357797,0.295097749238286,7.21200928769914,22.9314542009935,12.8600878954233,15.0475796003511,16.7392088783718,20.6183298613202,8.98096691247483,5.10184592952636,0.301640316496514
"misc_species","Poachers",2017,"99902","All","NBS Region: All Strata",1703.80683733218,1025.90444394939,2829.65704658073,NA,NA,NA,NA,NA,NA,NA,NA,2027.30770762981,367190.379057496,2633.27006541905,3239.23242320829,1421.34534984057,815.382992051329,0.298900041423751
"misc_species","Poachers",2019,"70","Inner Domain",NA,812.250892865333,585.800313914849,1126.23960296551,6.69980927379802,0.166753218992166,805.844924574944,0.179401188749422,6.69189132272335,0.177982324236475,568.529030707376,1142.22143002129,805.844924574944,20900.3511488015,950.414461991377,1094.98399940781,661.275387158511,516.705849742078,0.179401188749422
"misc_species","Poachers",2019,"71","Inner Domain",NA,209.024941849825,148.778129434251,293.668340107955,5.34245358383886,0.173471275254452,196.684760629015,0.189342787010854,5.281602247198,0.187677949657971,136.150409275179,284.133520197544,196.684760629015,1386.88021902655,233.925601369075,271.166442109136,159.443919888954,122.203079148894,0.189342787010854
"misc_species","Poachers",2019,"81","Middle Domain",NA,300.617119890245,130.702636304114,691.421805454899,5.70583742809317,0.424963235847756,343.391540310383,0.446213632107759,5.83887131307077,0.426118274760971,148.96253649105,791.593327654046,343.391540310383,23478.2029195838,496.617526747357,649.843513184331,190.165553873409,36.939567436435,0.446213632107759
"misc_species","Poachers",2019,"99902","All","NBS Region: All Strata",1321.8929546054,997.82129077728,1751.21637470194,NA,NA,NA,NA,NA,NA,NA,NA,1345.92122551434,45765.4342874118,1559.84979837784,1773.77837124133,1131.99265265085,918.064079787352,0.158945834873614
"misc_species","Poachers",2021,"70","Inner Domain",NA,601.352627667393,410.392781686967,881.167990616154,6.3991814973611,0.194935618794512,595.7351343619,0.230487097458858,6.38979616285494,0.227511036785622,381.412979836269,930.488392045653,595.7351343619,18853.8334236625,733.044396335237,870.353658308574,458.425872388563,321.116610415226,0.230487097458858
"misc_species","Poachers",2021,"71","Inner Domain",NA,142.990267068091,96.3343166250722,212.242295295242,4.96277656548265,0.201509804274502,128.342554530041,0.238977049232729,4.85470289651918,0.235666709627611,80.8669032385777,203.690393023963,128.342554530041,940.705638673626,159.013479502621,189.684404475201,97.6716295574615,67.0007045848816,0.238977049232729
"misc_species","Poachers",2021,"81","Middle Domain",NA,54.0646158518706,23.4729482754054,124.525588047795,3.99017992107069,0.425687056897889,55.3379509290825,0.465599791624299,4.01345894673222,0.442956687709533,23.2261730642323,131.846464958336,55.3379509290825,663.852663974244,81.103289350579,106.868627772075,29.572612507586,3.80727408608946,0.465599791624299
"misc_species","Poachers",2021,"99902","All","NBS Region: All Strata",798.407510587355,590.486571232957,1079.54115134451,NA,NA,NA,NA,NA,NA,NA,NA,779.415639821024,20458.3917263104,922.448474255326,1065.48130868963,636.382805386722,493.34997095242,0.183512912914021
"misc_species","Poachers",2022,"70","Inner Domain",NA,534.687170659255,364.035440505505,785.336642142885,6.28168184813636,0.196141676196817,599.905995187248,0.237054075547579,6.39677296825347,0.233821473554692,379.362154375279,948.66395846537,599.905995187248,20223.7299213859,742.116156291811,884.326317396375,457.695834082685,315.485672978121,0.237054075547579
"misc_species","Poachers",2022,"71","Inner Domain",NA,154.197848214894,110.951073745993,214.301453706861,5.03823650652404,0.167935320261939,154.772756013512,0.204480349486919,5.04195795092198,0.202389993707436,104.092596338502,230.127855838272,154.772756013512,1001.59509638729,186.420743254209,218.068730494905,123.124768772816,91.476781532119,0.204480349486919
"misc_species","Poachers",2022,"81","Middle Domain",NA,15.5115139929089,6.11449916055768,39.3502493064803,2.74158258640961,0.474967770526637,15.5270690122488,0.541311049490865,2.74258488864999,0.506930717062404,5.74895983710577,41.9362595917019,15.5270690122488,70.6435883195296,23.9320430347862,32.3370170573237,7.1220949897113,0,0.541311049490865
"misc_species","Poachers",2022,"99902","All","NBS Region: All Strata",704.396532867057,521.166220819563,952.046498207172,NA,NA,NA,NA,NA,NA,NA,NA,770.205820213009,21295.9686060927,916.137203424752,1062.0685866365,624.274437001266,478.343053789522,0.189470631592195
"misc_species","Poachers",2023,"70","Inner Domain",NA,324.8009062477,210.558201979081,501.02835086808,5.78321239845512,0.221152170655541,263.981345646537,0.209900430738864,5.57587844021997,0.207642062801914,175.722751154486,396.568744750031,263.981345646537,3070.24573193615,319.39114380477,374.800941963004,208.571547488304,153.161749330071,0.209900430738864
"misc_species","Poachers",2023,"71","Inner Domain",NA,164.236926231492,114.613415657714,235.345642420465,5.1013100574326,0.183546839515994,172.845660227765,0.2157380758202,5.15239905889459,0.213289175625787,113.79060445487,262.54911293156,172.845660227765,1390.49861786408,210.135050379175,247.424440530585,135.556270076355,98.2668799249449,0.2157380758202
"misc_species","Poachers",2023,"81","Middle Domain",NA,4.39355602805846,1.01985097083471,18.9276032711816,1.480138928361,0.745157783655405,2.61977140440329,0.896914114160224,0.963087063738733,0.76828286934716,0.581165510967773,11.8093762995337,2.61977140440329,5.52113684199842,4.96948135288596,7.31919130136863,0.270061455920627,0,0.896914114160224
"misc_species","Poachers",2023,"99902","All","NBS Region: All Strata",493.431388507251,362.014773454169,672.554141481789,NA,NA,NA,NA,NA,NA,NA,NA,439.446777278706,4466.26548664223,506.276901374373,573.107025470039,372.616653183039,305.786529087372,0.152077856867026
"misc_species","Poachers",2025,"70","Inner Domain",NA,683.226637613426,436.301992146287,1069.8980218913,6.5268266311953,0.228826646108138,762.91636645108,0.234875036980799,6.63714841381021,0.231729084758746,484.427486524054,1201.50362725138,762.91636645108,32109.0596061944,942.106376234534,1121.29638601799,583.726356667626,404.536346884172,0.234875036980799
"misc_species","Poachers",2025,"71","Inner Domain",NA,137.172451927547,70.645927031998,266.346304144222,4.92123890743114,0.33855645059441,122.122646389605,0.438644278964762,4.8050258380348,0.419494297669442,53.6688158754315,277.888388590808,122.122646389605,2869.5734968629,175.691046560441,229.259446731278,68.554246218768,14.9858460479313,0.438644278964762
"misc_species","Poachers",2025,"81","Middle Domain",NA,113.019676954429,30.2463583560782,422.313563454711,4.72756193589315,0.672556309189282,141.943118422356,0.766543151918115,4.95542640285942,0.679864793644597,37.4465990576352,538.042155349086,141.943118422356,11838.6423550804,250.748643810916,359.554169199475,33.137593033797,0,0.766543151918115
"misc_species","Poachers",2025,"99902","All","NBS Region: All Strata",933.418766495402,639.719747568103,1361.95669581553,NA,NA,NA,NA,NA,NA,NA,NA,1026.98213126304,46817.2754581377,1243.35513202362,1459.7281327842,810.609130502462,594.236129741883,0.210688184510544
"misc_species","Sea stars",2017,"70","Inner Domain",NA,128036.099367849,94367.8959628376,173716.31076515,11.7600675294511,0.155671901476616,114861.024477675,0.168015572778389,11.6514781937384,0.166847628627322,82823.1466916631,159291.882415148,114861.024477675,372429817.987674,134159.465295204,153457.906112733,95562.5836601455,76264.1428426164,0.168015572778389
"misc_species","Sea stars",2017,"71","Inner Domain",NA,300248.07252649,236365.717885645,381395.854958488,12.6123643203596,0.122057744760993,308977.113417455,0.133001170634925,12.6410224865266,0.132418565348115,238347.951849826,400535.670119511,308977.113417455,1688742954.12593,350071.431201377,391165.748985298,267882.795633534,226788.477849612,0.133001170634925
"misc_species","Sea stars",2017,"81","Middle Domain",NA,10613.4879992353,9093.02306749769,12388.1933075213,9.2698809239763,0.0788882972503261,10574.5892348153,0.176900100761183,9.2662091601166,0.17553911480078,7496.25481818854,14917.0406018953,10574.5892348153,3499316.08747789,12445.2351359622,14315.8810371092,8703.94333366835,6833.29743252139,0.176900100761183
"misc_species","Sea stars",2017,"99902","All","NBS Region: All Strata",438897.659893574,364284.341556982,528793.400882215,NA,NA,NA,NA,NA,NA,NA,NA,434412.727129945,2064672088.20108,479851.390052627,525290.052975308,388974.064207264,343535.401284582,0.104597909050417
"misc_species","Sea stars",2019,"70","Inner Domain",NA,158507.244727591,113523.348136855,221316.117287557,11.9735555793154,0.170305054961895,195809.716421748,0.202248019560972,12.1848986320646,0.200224417850949,132252.199934983,289911.586075805,195809.716421748,1568328491.2075,235411.843778842,275013.971135937,156207.589064654,116605.46170756,0.202248019560972
"misc_species","Sea stars",2019,"71","Inner Domain",NA,276097.097807357,218844.562333032,348327.628545968,12.5285078864807,0.118568959711078,294030.763669027,0.147256681105205,12.5914396791766,0.146467625081512,220657.809916558,391801.631750463,294030.763669027,1874716319.12563,337328.758069756,380626.752470486,250732.769268297,207434.774867567,0.147256681105205
"misc_species","Sea stars",2019,"81","Middle Domain",NA,10613.4879992385,9093.02306767167,12388.1933072918,9.2698809239766,0.0788882972407188,9276.65261137063,0.213765562518636,9.13525605072714,0.211382167100084,6130.02812025449,14038.4810614012,9276.65261137063,3932403.47450375,11259.6814751302,13242.7103388899,7293.62374761101,5310.59488385139,0.213765562518636
"misc_species","Sea stars",2019,"99902","All","NBS Region: All Strata",445217.830534186,369346.457353753,536674.747189242,NA,NA,NA,NA,NA,NA,NA,NA,499117.132702145,3446977213.80764,557828.096020828,616539.05933951,440406.169383463,381695.206064781,0.117629629343376
"misc_species","Sea stars",2021,"70","Inner Domain",NA,147048.950487707,119116.068209712,181532.132184439,11.8985208068449,0.107485213332286,144212.595088337,0.13431805825981,11.879043844598,0.133718088163463,110964.011579139,187423.58253045,144212.595088337,375210681.83792,163582.95083721,182953.306586084,124842.239339463,105471.88359059,0.13431805825981
"misc_species","Sea stars",2021,"71","Inner Domain",NA,218412.05333026,174781.381430933,272934.248770605,12.2941387105711,0.113699787012079,193536.211510152,0.132641985347395,12.1732199135309,0.13206405805581,149399.486723503,250712.140899273,193536.211510152,659001644.245371,219207.238841471,244878.266172791,167865.184178832,142194.156847512,0.132641985347395
"misc_species","Sea stars",2021,"81","Middle Domain",NA,10613.487999323,9093.02306783529,12388.1933072662,9.26988092398456,0.0788882972356012,12214.7501339114,0.202374155798973,9.41039952780611,0.200346819807235,8248.00784277944,18089.2312032053,12214.7501339114,6110535.54994177,14686.6998805571,17158.6496272028,9742.80038726567,7270.85064061997,0.202374155798973
"misc_species","Sea stars",2021,"99902","All","NBS Region: All Strata",376074.49181729,322567.430425491,438457.234225641,NA,NA,NA,NA,NA,NA,NA,NA,349963.5567324,1040322861.63323,382217.593094276,414471.629456152,317709.520370524,285455.484008647,0.0921639860533802
"misc_species","Sea stars",2022,"70","Inner Domain",NA,145919.695559122,114146.455782393,186537.176350519,11.8908117189513,0.125295218783051,154982.659276934,0.184760747726153,11.9510685140102,0.183212477086514,108226.188868116,221939.115917872,154982.659276934,819946732.044194,183617.371289528,212252.083302122,126347.94726434,97713.2352517461,0.184760747726153
"misc_species","Sea stars",2022,"71","Inner Domain",NA,232074.850279349,189321.967402699,284482.233472788,12.3548152291288,0.103884997288446,249259.540635147,0.147840996516059,12.4262499644642,0.147042583527752,186848.199081577,332517.620737241,249259.540635147,1357979903.96206,286110.319513782,322961.098392417,212408.761756512,175557.982877877,0.147840996516059
"misc_species","Sea stars",2022,"81","Middle Domain",NA,10613.4879993181,9093.02306783211,12388.1933072589,9.2698809239841,0.0788882972355414,15928.3372270617,0.222694351326512,9.67585501748511,0.220005124403864,10349.0799108479,24515.4090029838,15928.3372270617,12582278.2764417,19475.4879535522,23022.6386800426,12381.1865005713,8834.03577408082,0.222694351326512
"misc_species","Sea stars",2022,"99902","All","NBS Region: All Strata",388608.033837789,333588.247955901,452702.410497494,NA,NA,NA,NA,NA,NA,NA,NA,420170.537139143,2190508914.28269,466973.410066803,513776.282994463,373367.664211483,326564.791283823,0.111390182772765
"misc_species","Sea stars",2023,"70","Inner Domain",NA,137857.910773801,106078.467788818,179157.975780271,11.8339788016302,0.133698599720809,153068.066295646,0.189166488452847,11.9386379791951,0.187506238867225,105993.442093594,221049.835317161,153068.066295646,838412212.281996,182023.41489106,210978.763486475,124112.717700231,95157.3691048157,0.189166488452847
"misc_species","Sea stars",2023,"71","Inner Domain",NA,226552.9462437,184670.0177609,277934.870392198,12.3307339548384,0.104291779254293,242646.484149779,0.125925472531929,12.3993608653395,0.125430508030665,189761.175044108,310270.613873273,242646.484149779,933630829.849581,273201.857324551,303757.230499323,212091.110975007,181535.737800235,0.125925472531929
"misc_species","Sea stars",2023,"81","Middle Domain",NA,10613.4879991999,9093.02306769499,12388.1933071699,9.26988092397296,0.078888297237554,8546.65956943444,0.205703850687736,9.05329579195677,0.20357630678052,5734.71631375899,12737.4024797969,8546.65956943444,3090848.04289373,10304.7403533843,12062.8211373341,6788.57878548459,5030.49800153474,0.205703850687736
"misc_species","Sea stars",2023,"99902","All","NBS Region: All Strata",375024.345016701,320639.956275325,438632.979460735,NA,NA,NA,NA,NA,NA,NA,NA,404261.210014859,1775133890.17447,446393.54783481,488525.885654761,362128.872194908,319996.534374957,0.104220580100679
"misc_species","Sea stars",2025,"70","Inner Domain",NA,104547.188448457,74470.046961184,146771.958102486,11.5573938125627,0.173085600515461,91497.2275154875,0.163505870835474,11.4240639504274,0.162428618041502,66550.058909031,125796.171787983,91497.2275154875,223811589.320888,106457.561379439,121417.89524339,76536.8936515362,61576.5597875849,0.163505870835474
"misc_species","Sea stars",2025,"71","Inner Domain",NA,172605.506673031,127908.757442423,232921.197340726,12.0587639613695,0.152906638845736,152776.614944775,0.152606733187747,11.9367321004471,0.151729261321886,113476.178504208,205688.051727249,152776.614944775,543577106.592895,176091.35505898,199406.095173184,129461.874830571,106147.134716366,0.152606733187747
"misc_species","Sea stars",2025,"81","Middle Domain",NA,10613.4879991046,9093.02306745535,12388.1933072739,9.26988092396398,0.0788882972464199,9626.01099467738,0.16748020251253,9.17222419204788,0.166323277482166,6948.19059341867,13335.8586561251,9626.01099467738,2599080.0846291,11238.1772654538,12850.3435362302,8013.84472390098,6401.67845312457,0.16748020251253
"misc_species","Sea stars",2025,"99902","All","NBS Region: All Strata",287766.183120592,231393.839356225,357872.000301232,NA,NA,NA,NA,NA,NA,NA,NA,253899.85345494,769987775.998412,281648.50704387,309397.160632799,226151.19986601,198402.546277081,0.109289758191429
"jellyfish","Jellyfish",2017,"70","Inner Domain",NA,30373.7377775036,20192.5270330684,45688.384869596,10.3213336251293,0.208302684266832,29817.8949958552,0.216882726798747,10.3028639954802,0.214395282883767,19587.6973628514,45391.086329017,29817.8949958552,41821912.7627926,36284.881369955,42751.8677440548,23350.9086217554,16883.9222476556,0.216882726798747
"jellyfish","Jellyfish",2017,"71","Inner Domain",NA,31225.8232558038,18214.7584956047,53530.879272321,10.3490006999242,0.275011813158794,30984.1529791483,0.289043220266621,10.3412311585419,0.283264859414012,17783.7826872615,53982.7635502383,30984.1529791483,80205625.6126088,39939.9123334749,48895.6716878015,22028.3936248217,13072.634270495,0.289043220266621
"jellyfish","Jellyfish",2017,"81","Middle Domain",NA,5724.85978124847,4341.9636462323,7548.20219266362,8.65257333576415,0.14106961154783,5493.44916127217,0.146628876404536,8.6113115997561,0.145849792919245,4127.59940248949,7311.26757826367,5493.44916127217,648827.476026546,6298.94743937496,7104.44571747774,4687.95088316939,3882.45260506661,0.146628876404536
"jellyfish","Jellyfish",2017,"99902","All","NBS Region: All Strata",67324.4208145559,49309.0678761762,91921.78707165,NA,NA,NA,NA,NA,NA,NA,NA,66295.4971362757,122676365.851428,77371.4334782482,88447.3698202207,55219.5607943031,44143.6244523306,0.167069210133609
"jellyfish","Jellyfish",2019,"70","Inner Domain",NA,40581.6147340099,30723.7064902998,53602.4992602884,10.6110704039635,0.141982491614072,42746.2664305506,0.142165858584914,10.6630371355931,0.141455284076771,32395.9882082103,56403.3818634533,42746.2664305506,36930654.2132781,48823.3260989493,54900.385767348,36669.2067621519,30592.1470937532,0.142165858584914
"jellyfish","Jellyfish",2019,"71","Inner Domain",NA,35312.6745943813,23291.6815270934,53537.7828156437,10.4719972321422,0.212323122068015,37746.86753284,0.217357154607622,10.5386577719717,0.214853620430509,24774.0599250513,57512.8183613132,37746.86753284,67314668.963714,45951.4192551289,54155.9709774178,29542.3158105511,21337.7640882621,0.217357154607622
"jellyfish","Jellyfish",2019,"81","Middle Domain",NA,8038.43400837536,6210.8177925385,10403.8507432361,8.99198956812419,0.131605332690737,8301.81396274441,0.144329872779578,9.02422931963442,0.143586598864011,6265.44414076655,11000.0366332507,8301.81396274441,1435682.64828727,9500.01371582704,10698.2134689097,7103.61420966178,5905.41445657915,0.144329872779578
"jellyfish","Jellyfish",2019,"99902","All","NBS Region: All Strata",83932.7233367667,67210.3121558557,104815.791219509,NA,NA,NA,NA,NA,NA,NA,NA,88794.947926135,105681005.825279,99075.0746678284,109355.201409522,78514.8211844416,68234.6944427482,0.11577377972275
"jellyfish","Jellyfish",2021,"70","Inner Domain",NA,8334.27147197392,5965.69162416278,11643.2570344778,9.02813138548282,0.170590435976309,7640.5445253241,0.170682996671193,8.94122415256895,0.169459123271816,5481.26051295969,10650.4554026275,7640.5445253241,1700705.59364838,8944.65556110609,10248.7665968881,6336.43348954211,5032.32245376012,0.170682996671193
"jellyfish","Jellyfish",2021,"71","Inner Domain",NA,6378.68536341703,4171.69383289872,9753.26296589669,8.76071729921566,0.216656977019683,5914.4050757448,0.225041022272662,8.68514619244366,0.222267400091539,3825.75110126427,9143.35158615945,5914.4050757448,1771517.78104378,7245.38884012504,8576.37260450527,4583.42131136457,3252.43754698434,0.225041022272662
"jellyfish","Jellyfish",2021,"81","Middle Domain",NA,8585.04968643456,6433.48828928975,11456.1610753607,9.05777756090185,0.147199331632954,8404.26458050211,0.178612606866045,9.03649454415639,0.177212161876974,5938.22228684475,11894.4121198622,8404.26458050211,2253324.04333633,9905.37218601756,11406.479791533,6903.15697498666,5402.04936947121,0.178612606866045
"jellyfish","Jellyfish",2021,"99902","All","NBS Region: All Strata",23298.0065218255,19116.8413220152,28393.6607909138,NA,NA,NA,NA,NA,NA,NA,NA,21959.214181571,5725547.41802849,24352.0257951396,26744.8374087081,19566.4025680025,17173.5909544339,0.108966176739452
"jellyfish","Jellyfish",2022,"70","Inner Domain",NA,11246.1314367241,5755.43257950405,21974.9724360374,9.32777947620374,0.341781786451186,12955.4863655284,0.561833280604021,9.46927463497991,0.523770830948884,4641.08136174216,36164.9826592107,12955.4863655284,52981270.1839653,20234.3097720938,27513.1331786593,5676.6629589629,0,0.561833280604021
"jellyfish","Jellyfish",2022,"71","Inner Domain",NA,7162.43928148428,5104.52782662029,10050.0062304323,8.87660588370738,0.172820854053934,6812.01297445386,0.178916384508257,8.82644294642754,0.177508862622331,4810.38291842379,9646.53366500243,6812.01297445386,1485426.47418776,8030.79370706648,9249.5744396791,5593.23224184124,4374.45150922861,0.178916384508257
"jellyfish","Jellyfish",2022,"81","Middle Domain",NA,9414.11926441373,7455.93826492027,11886.5846759467,9.14996589071595,0.118981683410381,8742.3895526365,0.12914641772313,9.07593883547329,0.128612727063465,6794.45775271079,11248.782150357,8742.3895526365,1274750.04806874,9871.43784569962,11000.4861387627,7613.34125957338,6484.29296651027,0.12914641772313
"jellyfish","Jellyfish",2022,"99902","All","NBS Region: All Strata",27822.6899826221,20710.6195986567,37377.0603135074,NA,NA,NA,NA,NA,NA,NA,NA,28509.8888926187,55741446.7062218,35975.9083612661,43441.9278299135,21043.8694239713,13577.8499553239,0.261874730440649
"jellyfish","Jellyfish",2023,"70","Inner Domain",NA,12600.2760365579,8021.62236083515,19792.3747909926,9.44147400036293,0.230401188053022,12497.4252896405,0.257369058838194,9.43327792524549,0.253253521390974,7607.65414921602,20530.0656163821,12497.4252896405,10345554.3637875,15713.8758743359,18930.3264590314,9280.97470494509,6064.52412024966,0.257369058838194
"jellyfish","Jellyfish",2023,"71","Inner Domain",NA,22105.7863183431,10704.7692968851,45649.3526576455,10.0035946775952,0.369981302458518,28792.4322194144,0.416992668651735,10.2678678614347,0.400396003718626,13135.9249003918,63109.6903640831,28792.4322194144,144149634.407683,40798.6653675623,52804.8985157101,16786.1990712666,4779.96592311882,0.416992668651735
"jellyfish","Jellyfish",2023,"81","Middle Domain",NA,15270.9313327389,11472.183554052,20327.5464230923,9.63370638736387,0.145934224674399,16966.9188653591,0.159946209090826,9.73902077812304,0.158937177619684,12425.5440184077,23168.1071957256,16966.9188653591,7364679.78747531,19680.7132178249,22394.5075702907,14253.1245128933,11539.3301604275,0.159946209090826
"jellyfish","Jellyfish",2023,"99902","All","NBS Region: All Strata",49976.99368764,35169.0221563361,71019.8846857737,NA,NA,NA,NA,NA,NA,NA,NA,58256.776374414,161859868.558946,70979.1923619121,83701.6083494102,45534.360386916,32811.9443994179,0.218385169576353
"jellyfish","Jellyfish",2025,"70","Inner Domain",NA,17344.1018403212,12297.6177069281,24461.4750447122,9.76100777601187,0.175435333754091,17591.3429128732,0.180157512531535,9.77516218006323,0.178720833501441,12392.860047243,24970.4543018009,17591.3429128732,10043908.3852958,20760.5554941457,23929.7680754182,14422.1303316007,11252.9177503283,0.180157512531535
"jellyfish","Jellyfish",2025,"71","Inner Domain",NA,25943.5170040403,13672.4251211172,49227.9949296904,10.1636770309483,0.326812491147773,26322.6202247017,0.349280257129791,10.1781839330945,0.33927844634692,13537.3850158679,51182.7309839911,26322.6202247017,84529113.0536953,35516.5917851154,44710.5633455291,17128.6486642881,7934.67710387439,0.349280257129791
"jellyfish","Jellyfish",2025,"81","Middle Domain",NA,19373.7268295073,14049.0310225086,26716.5251940163,9.87167314003699,0.163964458815446,20168.6335713238,0.173232611498835,9.91188388305718,0.171953662620713,14398.2348373493,28251.6422832019,20168.6335713238,12207093.0849052,23662.4986352473,27156.3636991708,16674.7685074003,13180.9034434768,0.173232611498835
"jellyfish","Jellyfish",2025,"99902","All","NBS Region: All Strata",62661.3456738687,46477.8979559875,84479.8154464351,NA,NA,NA,NA,NA,NA,NA,NA,64082.5967088988,106780114.523896,74416.0431099741,84749.4895110494,53749.1503078234,43415.7039067481,0.161251992456173
"structural_epifauna","Sponges",2017,"70","Inner Domain",NA,1187.83479836409,415.480621047182,3395.95022422099,7.07988743163696,0.535954469976973,1241.67075783434,0.612860779912469,7.12421313704026,0.564702390288654,410.516773864615,3755.62308050624,1241.67075783434,579077.333183361,2002.6420668752,2763.61337591606,480.699448793481,0,0.612860779912469
"structural_epifauna","Sponges",2017,"71","Inner Domain",NA,19878.84844456,8562.24102044574,46152.4750983024,9.89741155320888,0.429749895164955,22318.1103874329,0.452088676298429,10.0131537528501,0.431240507249074,9584.83930390899,51967.2824418142,22318.1103874329,101803357.402825,32407.8753699697,42497.6403525064,12228.3454048961,2138.58042235937,0.452088676298429
"structural_epifauna","Sponges",2017,"81","Middle Domain",NA,8.44423660040196,2.19634067304972,32.4654242570473,2.13348414953691,0.687100127909011,9.12638238716312,0.78195852060316,2.21116938247805,0.690753254940821,2.35683090695734,35.3401914540613,9.12638238716312,50.928953855496,16.2628348570879,23.3992873270128,1.98992991723831,0,0.78195852060316
"structural_epifauna","Sponges",2017,"99902","All","NBS Region: All Strata",21075.1274795245,9501.09358624952,46748.4078802277,NA,NA,NA,NA,NA,NA,NA,NA,23568.9075276544,102382485.664962,33687.3306095858,43805.7536915172,13450.484445723,3332.06136379158,0.429312350182504
"structural_epifauna","Sponges",2019,"70","Inner Domain",NA,843.000428676375,334.571409186994,2124.05992632612,6.73696746651463,0.471496995169148,899.824430762531,0.547910295412075,6.80219966736381,0.512369472575333,329.631035378553,2456.33426254072,899.824430762531,243071.747234817,1392.84750044063,1885.87057011873,406.80136108443,0,0.547910295412075
"structural_epifauna","Sponges",2019,"71","Inner Domain",NA,1664.31719512889,661.183706650956,4189.38291754363,7.41717022528772,0.470997686189527,1468.12602306645,0.516913063875752,7.29174205226535,0.486630295157822,565.643601175687,3810.51604778156,1468.12602306645,575919.375819637,2227.01954380545,2985.91306454445,709.232502327448,0,0.516913063875752
"structural_epifauna","Sponges",2019,"81","Middle Domain",NA,3.1574360518113,0.0651988460596832,152.907651343272,1.14976032224606,1.97966588239828,NA,NA,NA,NA,NA,NA,0,0,0,0,0,0,NA
"structural_epifauna","Sponges",2019,"99902","All","NBS Region: All Strata",2510.47505985708,1264.00342692079,4986.1296986494,NA,NA,NA,NA,NA,NA,NA,NA,2367.95045382898,818991.123054454,3272.93173709093,4177.91302035289,1462.96917056703,557.987887305071,0.382179146442274
"structural_epifauna","Sponges",2021,"70","Inner Domain",NA,324.097450449748,118.470659778259,886.625917207084,5.78104424356225,0.513468062877863,234.475479990745,0.596507633790194,5.45735101947999,0.551731309913966,79.5175317818143,691.404140507586,234.475479990745,19562.6136955936,374.341893741844,514.208307492943,94.6090662396454,0,0.596507633790194
"structural_epifauna","Sponges",2021,"71","Inner Domain",NA,1150.19291071558,378.347285469559,3496.63862453379,7.04768495573743,0.567292279882286,774.346870401723,0.62428738849377,6.65201992617298,0.573683620882454,251.544695818668,2383.72379011795,774.346870401723,233690.048217002,1257.76185591314,1741.17684142455,290.931884890307,0,0.62428738849377
"structural_epifauna","Sponges",2021,"81","Middle Domain",NA,1.18061618747196,0.0398133421245611,35.0097356248055,0.166036494955217,1.7294142725581,NA,NA,NA,NA,NA,NA,0,0,0,0,0,0,NA
"structural_epifauna","Sponges",2021,"99902","All","NBS Region: All Strata",1475.4709773528,603.189070908932,3609.17448608597,NA,NA,NA,NA,NA,NA,NA,NA,1008.82235039247,253252.661912596,1512.06450076602,2015.30665113957,505.580200018916,2.33804964536546,0.498841198529922
"structural_epifauna","Sponges",2022,"70","Inner Domain",NA,745.999911393875,218.87523979964,2542.61682732642,6.61472548142879,0.625635779481052,1286.29898490363,0.67814819229131,7.15952436992447,0.615107832359539,385.266449636653,4294.59943923106,1286.29898490363,760909.612689888,2158.60031626218,3030.90164762072,413.997653545087,0,0.67814819229131
"structural_epifauna","Sponges",2022,"71","Inner Domain",NA,10492.6505281682,3850.92845281577,28589.3951173692,9.25843034136819,0.511417962008948,14271.7539428222,0.587338400116954,9.5660376141178,0.544397858686452,4910.04024764638,41482.951326539,14271.7539428222,70263776.897648,22654.1030704623,31036.4521981023,5889.40481518219,0,0.587338400116954
"structural_epifauna","Sponges",2022,"81","Middle Domain",NA,0.721931212127212,0.114088905044525,4.56823277285433,-0.325825418690206,0.941319259730396,0.414825175218494,1,-0.879898112042018,0.832554611157698,0.0811322154878308,2.12098147400973,0.414825175218494,0.172079925995055,0.829650350436989,1.24447552565548,0,0,1
"structural_epifauna","Sponges",2022,"99902","All","NBS Region: All Strata",11239.3723707743,4393.49181901672,28752.4129991883,NA,NA,NA,NA,NA,NA,NA,NA,15558.4677529011,71024686.6824178,23986.0822838593,32413.6968148175,7130.85322194289,0,0.54167381163783
"structural_epifauna","Sponges",2023,"70","Inner Domain",NA,290.70013522532,39.9986751180576,2112.73419358504,5.6722922727361,1.01198081029266,NA,NA,NA,NA,NA,NA,0,0,0,0,0,0,NA
"structural_epifauna","Sponges",2023,"71","Inner Domain",NA,12101.1906791085,3844.53921598672,38090.0824845816,9.40105912997566,0.585036308859397,11703.3934294609,0.745906719160348,9.3676341154394,0.665101930134684,3178.16188899831,43097.0550112282,11703.3934294609,76206610.968116,20433.0332254729,29162.6730214849,2973.75363344895,0,0.745906719160348
"structural_epifauna","Sponges",2023,"81","Middle Domain",NA,4.93847023586934,0.885964886003754,27.5276014386693,1.59705561439017,0.876614871066487,7.67730496975992,1,2.03826857017852,0.832554611157698,1.50154040396482,39.2536966991141,7.67730496975992,58.9410115987003,15.3546099395198,23.0319149092797,0,0,1
"structural_epifauna","Sponges",2023,"99902","All","NBS Region: All Strata",12396.8292845697,4043.73887065522,38004.772619223,NA,NA,NA,NA,NA,NA,NA,NA,11711.0707344307,76206669.9091276,20440.7139063552,29170.3570782796,2981.42756250621,0,0.745418021108797
"structural_epifauna","Sponges",2025,"70","Inner Domain",NA,44.1426244006227,11.0966441789503,175.600051470587,3.78742585535073,0.704494128389279,30.9242027221052,0.770250958041552,3.43153913693102,0.682494606701262,8.11629921151463,117.825413907997,30.9242027221052,567.363662647357,54.7435994954779,78.5629962688506,7.10480594873249,0,0.770250958041552
"structural_epifauna","Sponges",2025,"71","Inner Domain",NA,21751.4239227861,5303.25545620592,89213.9642481482,9.98743450208822,0.720094024801975,23703.4790246235,0.89069886665868,10.0733771106379,0.764252769781363,5300.03766851245,106009.608423871,23703.4790246235,445744492.63461,44816.1409277235,65928.8028308235,2590.81712152356,0,0.89069886665868
"structural_epifauna","Sponges",2025,"81","Middle Domain",NA,4.93847023586934,0.0296669417624089,822.076251265985,1.59705561439017,2.60962832980902,NA,NA,NA,NA,NA,NA,0,0,0,0,0,0,NA
"structural_epifauna","Sponges",2025,"99902","All","NBS Region: All Strata",21800.5050174226,5332.12062533641,89131.8956207376,NA,NA,NA,NA,NA,NA,NA,NA,23734.4032273457,445745059.998272,44847.0785670148,65959.7539066839,2621.72788767654,0,0.889538916880964
"structural_epifauna","Sea anemones",2017,"70","Inner Domain",NA,530.958707966825,305.581959613124,922.558222752142,6.27468425544392,0.281875706355525,597.536382877388,0.293556326829104,6.39281517379683,0.287511116661742,340.121783412786,1049.77024781992,597.536382877388,30768.8735771028,772.946968581624,948.357554285859,422.125797173153,246.715211468918,0.293556326829104
"structural_epifauna","Sea anemones",2017,"71","Inner Domain",NA,15798.531352338,9090.43871626746,27456.715861706,9.66767226231105,0.281991820792611,19261.3279532283,0.260408323494856,9.86585463174101,0.256148704064402,11658.7517143855,31821.4817169532,19261.3279532283,25158351.1657608,24277.1380738131,29292.9481943979,14245.5178326435,9229.70771205873,0.260408323494856
"structural_epifauna","Sea anemones",2017,"81","Middle Domain",NA,872.253469733705,479.663400929578,1586.16670354257,6.77108005797093,0.305105324811431,1063.25602891957,0.324140242984644,6.96909120439237,0.316078903945283,572.256854196348,1975.5348926689,1063.25602891957,118779.533310421,1407.90009648845,1752.54416405733,718.611961350697,373.967893781818,0.324140242984644
"structural_epifauna","Sea anemones",2017,"99902","All","NBS Region: All Strata",17201.7435300385,10341.9822911287,28611.5342439761,NA,NA,NA,NA,NA,NA,NA,NA,20922.1203650253,25307899.5726483,25952.8160994787,30983.5118339322,15891.4246305718,10860.7288961183,0.240448656574173
"structural_epifauna","Sea anemones",2019,"70","Inner Domain",NA,221.337627406781,110.584397077769,443.013179079958,5.39968926155438,0.354042351358432,164.896233112484,0.351938799693239,5.10531638583881,0.341716265387268,84.399781501032,322.166328053282,164.896233112484,3367.87346762481,222.929615468029,280.962997823573,106.86285075694,48.8294684013956,0.351938799693239
"structural_epifauna","Sea anemones",2019,"71","Inner Domain",NA,11773.7203832946,7331.51101262127,18907.4927972379,9.37362524064768,0.241682158382228,9846.1458512761,0.318133325057987,9.19483537346012,0.310497176958328,5357.60373277298,18095.1397229268,9846.1458512761,9811849.06122456,12978.5329699485,16110.9200886208,6713.75873260373,3581.37161393137,0.318133325057987
"structural_epifauna","Sea anemones",2019,"81","Middle Domain",NA,484.141270392916,265.107749316839,884.141524725995,6.18237674510477,0.30727115667083,367.185388128778,0.293073138636033,5.90586686527697,0.287056866062011,209.190589159248,644.50848289664,367.185388128778,11580.3800274832,474.797562288968,582.409736449159,259.573213968587,151.961039808396,0.293073138636033
"structural_epifauna","Sea anemones",2019,"99902","All","NBS Region: All Strata",12479.1992810943,7975.4978133645,19526.105873455,NA,NA,NA,NA,NA,NA,NA,NA,10378.2274725174,9826797.31471967,13512.9997632459,16647.7720539745,7243.45518178879,4108.68289106021,0.302052763733478
"structural_epifauna","Sea anemones",2021,"70","Inner Domain",NA,431.915420429948,233.049353904209,800.478213219411,6.06822978303374,0.314791260162875,397.522271678543,0.402564662587604,5.98525096190478,0.387547204605521,185.986185336188,849.654269723451,397.522271678543,25609.0949418349,557.550690847873,717.579110017203,237.493852509212,77.4654333398821,0.402564662587604
"structural_epifauna","Sea anemones",2021,"71","Inner Domain",NA,10510.3329679854,6102.603265312,18101.6353669638,9.26011414443342,0.277374188910186,7662.12179186274,0.255451646618469,8.94404422070497,0.251425371773087,4680.96492039002,12541.8821443435,7662.12179186274,3831029.66423428,9619.42342018534,11576.7250485079,5704.82016354015,3747.51853521756,0.255451646618469
"structural_epifauna","Sea anemones",2021,"81","Middle Domain",NA,728.065183012667,459.437965335673,1153.75513281316,6.59039058129379,0.234895465913484,651.495714269345,0.297302791615407,6.47927081829207,0.291030196488625,368.286848724181,1152.48933591219,651.495714269345,37516.3950717625,845.187208847095,1038.87870342484,457.804219691595,264.112725113846,0.297302791615407
"structural_epifauna","Sea anemones",2021,"99902","All","NBS Region: All Strata",11670.313571428,7142.53528869648,19068.3298507458,NA,NA,NA,NA,NA,NA,NA,NA,8711.13977781063,3894155.15424788,10684.5011624151,12657.8625470195,6737.77839320621,4764.41700860179,0.226533086936688
"structural_epifauna","Sea anemones",2022,"70","Inner Domain",NA,714.538495649428,370.780734130236,1377.0005147722,6.57163687366444,0.334713292731299,877.357169620667,0.44215920447632,6.77691417242854,0.422573651882336,383.249048073977,2008.49971305396,877.357169620667,150490.886058644,1265.28871778174,1653.22026594281,489.425621459597,101.494073298528,0.44215920447632
"structural_epifauna","Sea anemones",2022,"71","Inner Domain",NA,12666.6878934556,8209.37195056033,19544.1238570344,9.44673082583814,0.221279129536801,65636.6351833683,0.858629483271166,11.0918892822108,0.743169084951042,15295.35767314,281665.062711159,65636.6351833683,3176173459.03979,121994.185334522,178351.735485675,9279.08503221477,0,0.858629483271166
"structural_epifauna","Sea anemones",2022,"81","Middle Domain",NA,1084.89599228472,664.67141891147,1770.7987444428,6.98923940173431,0.249977343438031,1353.17505420483,0.283629411862731,7.21020900206683,0.278161084063575,784.481739585298,2334.13046464308,1353.17505420483,147302.627886613,1736.97529897626,2120.7755437477,969.374809433395,585.57456466196,0.283629411862731
"structural_epifauna","Sea anemones",2022,"99902","All","NBS Region: All Strata",14466.1223813898,9864.18950467297,21214.9915260863,NA,NA,NA,NA,NA,NA,NA,NA,67867.1674071938,3176471252.55373,124227.359498365,180587.551589537,11506.9753160225,0,0.830448569527262
"structural_epifauna","Sea anemones",2023,"70","Inner Domain",NA,831.402476863405,365.321139203874,1892.11628990583,6.72311400596181,0.419567508513981,804.005140739843,0.761700444608285,6.68960566311355,0.676419657819328,213.544981220818,3027.11055366669,804.005140739843,375047.322539865,1416.41621390873,2028.82728707761,191.594067570958,0,0.761700444608285
"structural_epifauna","Sea anemones",2023,"71","Inner Domain",NA,13205.0861932338,8922.24268859168,19543.774750007,9.4883573520279,0.200031601937485,13646.6308215529,0.242998900997744,9.52124794388663,0.239522089338992,8533.82771335724,21822.6262628043,13646.6308215529,10996627.2617978,16962.7471135122,20278.8634054715,10330.5145295936,7014.39823763431,0.242998900997744
"structural_epifauna","Sea anemones",2023,"81","Middle Domain",NA,1057.80411776471,622.255407412408,1798.21587443174,6.96395045138731,0.270719168447175,1124.97214721471,0.377949169150046,7.02551355630066,0.365405624240857,549.677472751632,2302.37256344814,1124.97214721471,180779.978332276,1550.15443557145,1975.33672392819,699.789858857965,274.607570501223,0.377949169150046
"structural_epifauna","Sea anemones",2023,"99902","All","NBS Region: All Strata",15094.2927878619,10658.5374988431,21376.0729171736,NA,NA,NA,NA,NA,NA,NA,NA,15575.6081095074,11552454.5626699,18974.4983052434,22373.3885009793,12176.7179137715,8777.82771803554,0.218218779763806
"structural_epifauna","Sea anemones",2025,"70","Inner Domain",NA,1177.21739329728,546.384878171928,2536.38203846037,7.07090879139226,0.391632277406153,1302.08732107478,0.440687809348394,7.17172388739734,0.421285314400233,570.218627300595,2973.30060880303,1302.08732107478,329262.51704488,1875.90133017954,2449.7153392843,728.273311970015,154.459302865253,0.440687809348394
"structural_epifauna","Sea anemones",2025,"71","Inner Domain",NA,13572.4844098863,7633.52442842859,24132.0159231516,9.51579981712441,0.293625233326232,14312.1585968475,0.455112645338001,9.56886470651672,0.433870472449251,6114.96427896213,33497.8054419774,14312.1585968475,42427562.8421539,20825.8029563557,27339.447315864,7798.5142373392,1284.86987783094,0.455112645338001
"structural_epifauna","Sea anemones",2025,"81","Middle Domain",NA,876.924515689354,458.833147147957,1675.98311280906,6.77642091761809,0.330482749985631,798.211735439209,0.400783863826796,6.68237389488592,0.385954640077209,374.621693960817,1700.76102068855,798.211735439209,102342.6534591,1118.12211892043,1438.03250240165,478.301351957991,158.390968476772,0.400783863826796
"structural_epifauna","Sea anemones",2025,"99902","All","NBS Region: All Strata",15626.6263188729,9435.56549144991,25879.8956279797,NA,NA,NA,NA,NA,NA,NA,NA,16412.4576533615,42859168.0126579,22959.1490324214,29505.8404114814,9865.76627430151,3319.07489524156,0.398885500107847
